date,title,description,link,pub_date,category
2020-01-01,昨夜今晨重大事件汇总,,https://www.yicai.com/news/100452978.html,"Wed, 01 Jan 2020 09:30:00 +0800",tw_macro_en
2020-01-01,台股今年料將先攻後盤整 首季上看12682點新高 | 財經 | 三立新聞網 SETN . COM,,https://www.setn.com/News.aspx?NewsID=664310,"Wed, 01 Jan 2020 10:30:00 +0800",tw_macro_en
2020-01-01,台股今年料將先攻後盤整 首季上看12682點新高 | 證券,,https://www.cna.com.tw/news/afe/202001010034.aspx,"Wed, 01 Jan 2020 10:45:00 +0800",tw_macro_en
2020-01-01,【 EJFQ信析 】 新興股市追落後 寄望美滙勿太強,,http://finance.now.com/news/post.php?id=556732,"Wed, 01 Jan 2020 11:15:00 +0800",tw_macro_en
2020-01-01,台股今年料將先攻後盤整 首季上看12682點新高,,https://news.sina.com.tw/article/20200101/33871298.html,"Wed, 01 Jan 2020 11:15:00 +0800",tw_macro_en
2020-01-01,台股今年料將先攻後盤整 首季上看12682點新高 | 股市要聞 | 股市,,https://udn.com/news/story/7251/4261190,"Wed, 01 Jan 2020 11:15:00 +0800",tw_macro_en
2020-01-01,[ OPINION ] Asia Winners and Losers in 2019 : From K - Pop sensation BTS to the beleaguered people of Hong Kong,,https://www.rappler.com/thought-leaders/248285-asia-winners-losers-2019-bts-hongkong,"Wed, 01 Jan 2020 13:15:00 +0800",tw_macro_en
2020-01-01,台股1月上漲機率70 % 元月行情聚焦五大族群 | Anue鉅亨,,https://news.cnyes.com/news/id/4428962,"Wed, 01 Jan 2020 13:15:00 +0800",tw_macro_en
2020-01-01,台股2日開紅盤外資歸隊 成交量上看1500億元 | 證券,,https://www.cna.com.tw/news/afe/202001010111.aspx,"Wed, 01 Jan 2020 14:15:00 +0800",tw_macro_en
2020-01-01,昨夜今晨重大事件汇总,,https://www.yicai.com/brief/100452979.html,"Wed, 01 Jan 2020 14:30:00 +0800",tw_macro_en
2020-01-01,台股2日開紅盤外資歸隊 成交量上看1500億元 | 股市要聞 | 股市,,https://udn.com/news/story/7251/4261626,"Wed, 01 Jan 2020 14:45:00 +0800",tw_macro_en
2020-01-01,Full text of President Tsai New Year Day speech | Politics | Focus Taiwan,,http://focustaiwan.tw/news/aipl/202001010004.aspx,"Wed, 01 Jan 2020 15:00:00 +0800",tw_macro_en
2020-01-01,台股2日開紅盤外資歸隊 成交量上看1500億元,,https://news.sina.com.tw/article/20200101/33873038.html,"Wed, 01 Jan 2020 15:00:00 +0800",tw_macro_en
2020-01-01,"《 台北股市 》 行庫樂觀選後行情 ， 台股今年上看12 , 682點 _ 富聯網",,http://ww2.money-link.com.tw/RealtimeNews/NewsContent.aspx?sn=4070194001&pu=News_0002_3,"Wed, 01 Jan 2020 16:15:00 +0800",tw_macro_en
2020-01-01,"《 台北股市 》 行庫樂觀選後行情 ， 台股今年上看12 , 682點 _ 富聯網",,http://ww2.money-link.com.tw/RealtimeNews/NewsContent.aspx?sn=4070194001&pu=News_0002_5,"Wed, 01 Jan 2020 16:15:00 +0800",tw_macro_en
2020-01-01,"《 台北股市 》 行庫樂觀選後行情 ， 台股今年上看12 , 682點 _ 富聯網",,http://ww2.money-link.com.tw/RealtimeNews/NewsContent.aspx?sn=4070194001&pu=News_0031,"Wed, 01 Jan 2020 16:15:00 +0800",tw_macro_en
2020-01-01,"台股2020年 首季上看12 , 682點新高",,https://ctee.com.tw/news/finance/200024.html,"Wed, 01 Jan 2020 19:00:00 +0800",tw_macro_en
2020-01-01,Taiwan manufacturing sector improved in November : think tank | Business | Focus Taiwan,,http://focustaiwan.tw/news/aeco/202001010009.aspx,"Wed, 01 Jan 2020 19:30:00 +0800",tw_macro_en
2020-01-01,"Equity investors post over NT$670 , 000 in gains on average in 2019 | Business | Focus Taiwan",,http://focustaiwan.tw/news/aeco/202001010010.aspx,"Wed, 01 Jan 2020 21:15:00 +0800",tw_macro_en
2020-01-01,"台股2日開紅盤外資歸隊 成交量上看1 , 500億",,https://ctee.com.tw/news/finance/200030.html,"Wed, 01 Jan 2020 22:15:00 +0800",tw_macro_en
2020-01-02,THSRC shares outperform market on dividend yield,,http://www.taipeitimes.com/News/biz/archives/2020/01/02/2003728559,"Thu, 02 Jan 2020 01:30:00 +0800",tw_macro_en
2020-01-02,"Equity investors post over NT$670 , 000 in gains on average in 2019",,https://www.eyeontaiwan.com/equity-investors-post-over-nt670000-in-gains-on-average-in-2019,"Thu, 02 Jan 2020 07:30:00 +0800",tw_macro_en
2020-01-02,盤前財經大事搶先讀2020年01月02日 | Anue鉅亨,,https://news.cnyes.com/news/id/4428982,"Thu, 02 Jan 2020 09:00:00 +0800",tw_macro_en
2020-01-02,2019年港股大数据出炉 : 市值增8万亿 产生82只翻倍股,,https://finance.sina.com.cn/stock/hkstock/marketalerts/2020-01-02/doc-iihnzahk1359099.shtml,"Thu, 02 Jan 2020 09:15:00 +0800",tw_macro_en
2020-01-02,"樂翻 ！ 勞動基金前11月大賺4 , 127億 收益率衝10 ％ - 財經",,https://www.chinatimes.com/realtimenews/20200102001472-260410,"Thu, 02 Jan 2020 11:00:00 +0800",tw_macro_en
2020-01-02,2019年国际投资市场最大的赢家 _ 宪容易 _ 新浪博客,,http://blog.sina.com.cn/s/blog_8db3ce3d01030vvd.html,"Thu, 02 Jan 2020 11:15:00 +0800",tw_macro_en
2020-01-02,Taiwan shares open higher | Business | Focus Taiwan,,http://focustaiwan.tw/news/aeco/202001020001.aspx,"Thu, 02 Jan 2020 11:30:00 +0800",tw_macro_en
2020-01-02,操盤心法 － 法人歸隊迎錢潮 指數再戰新高 ! 大昌樹林游燕玲~複委託網路下單~證 . 期 . 權手續費優惠中~,,http://blog.cnyes.com/My/yuling_ut/Article2706652,"Thu, 02 Jan 2020 11:30:00 +0800",tw_macro_en
2020-01-02,"勞動基金去年前11個月大賺4 , 127億元 收益率升至10 . 32 % | 財經焦點 | 產經",,https://udn.com/news/story/7238/4262774,"Thu, 02 Jan 2020 11:45:00 +0800",tw_macro_en
2020-01-02,再創新高 ！ 新制勞退大賺逾2300億 勞工可分得近2萬紅包,,https://times.hinet.net/news/22720009,"Thu, 02 Jan 2020 13:30:00 +0800",tw_macro_en
2020-01-02,Full text of President Tsai New Year Day speech,,https://www.globalsecurity.org/wmd/library/news/taiwan/2020/taiwan-200101-cna01.htm,"Thu, 02 Jan 2020 13:45:00 +0800",tw_macro_en
2020-01-02,再創新高 ！ 新制勞退大賺逾2300億 勞工可分得近2萬紅包,,https://news.sina.com.tw/article/20200102/33881674.html,"Thu, 02 Jan 2020 14:15:00 +0800",tw_macro_en
2020-01-02,A股开门红 ！ 沪指收涨1 . 15 % 网红概念股掀涨停潮,,https://money.163.com/20/0102/15/F1T5G1BF00258152.html,"Thu, 02 Jan 2020 15:30:00 +0800",tw_macro_en
2020-01-02,櫃買指數開紅盤重回150點大關 今年偏樂觀看待 | 證券,,https://www.cna.com.tw/news/afe/202001020156.aspx,"Thu, 02 Jan 2020 15:45:00 +0800",tw_macro_en
2020-01-02,櫃買指數開紅盤重回150點大關 今年偏樂觀看待,,https://news.sina.com.tw/article/20200102/33882762.html,"Thu, 02 Jan 2020 16:00:00 +0800",tw_macro_en
2020-01-02,"뉴스핌 - [ 아시아 증시 ] 中 , 1단계 미중 무역합의 서명식 예고로 상승 ... 日 , 휴장",,http://newspim.com/news/view/20200102001130,"Thu, 02 Jan 2020 16:30:00 +0800",tw_macro_en
2020-01-02,勞動基金去年1至11月大賺逾4千億元 收益率升至10 . 32 % | 財經焦點 | 產經,,https://udn.com/news/story/7238/4263746,"Thu, 02 Jan 2020 17:00:00 +0800",tw_macro_en
2020-01-02,"台股開紅盤漲百點 台積電領軍站上12 , 100",,https://ctee.com.tw/news/stock/200470.html,"Thu, 02 Jan 2020 17:00:00 +0800",tw_macro_en
2020-01-02,【 财经下午茶 】 最新IPO造富榜出炉 ！ 203家公司催生558位亿万富豪,,https://finance.sina.com.cn/roll/2020-01-02/doc-iihnzahk1534163.shtml,"Thu, 02 Jan 2020 17:15:00 +0800",tw_macro_en
2020-01-02,光學族群打團戰 | 雜誌 | 聯合新聞網,,https://udn.com/news/story/6851/4263052,"Thu, 02 Jan 2020 18:00:00 +0800",tw_macro_en
2020-01-02,再創新高 ！ 新制勞退大賺逾2300億 勞工可分得近2萬紅包,,https://tw.news.yahoo.com/%E5%86%8D%E5%89%B5%E6%96%B0%E9%AB%98-%E6%96%B0%E5%88%B6%E5%8B%9E%E9%80%80%E5%A4%A7%E8%B3%BA%E9%80%BE2300%E5%84%84-%E5%8B%9E%E5%B7%A5%E5%8F%AF%E5%88%86%E5%BE%97%E8%BF%912%E8%90%AC%E7%B4%85%E5%8C%85-044911458.html,"Thu, 02 Jan 2020 18:00:00 +0800",tw_macro_en
2020-01-02,光學族群打團戰 上中下游產業鏈 形成台股多頭火種,,https://news.sina.com.tw/article/20200102/33884530.html,"Thu, 02 Jan 2020 18:15:00 +0800",tw_macro_en
2020-01-02,2019年股票型基金績效 安聯及野村投信最威,,https://news.sina.com.tw/article/20200102/33885678.html,"Thu, 02 Jan 2020 19:15:00 +0800",tw_macro_en
2020-01-02,2019年股票型基金績效 安聯及野村投信最威 | 證券,,https://www.cna.com.tw/news/afe/202001020272.aspx,"Thu, 02 Jan 2020 19:15:00 +0800",tw_macro_en
2020-01-02,Índice de blue chips da China tem máxima de 2 anos com expectativa de acordo comercial,,https://economia.uol.com.br/noticias/reuters/2020/01/02/indice-de-blue-chips-da-china-tem-maxima-de-2-anos-com-expectativa-de-acordo-comercial.htm,"Thu, 02 Jan 2020 19:15:00 +0800",tw_macro_en
2020-01-02,Índice de blue chips da China tem máxima de 2 anos com expectativa de acordo comercial,,https://extra.globo.com/noticias/economia/indice-de-blue-chips-da-china-tem-maxima-de-2-anos-com-expectativa-de-acordo-comercial-24168002.html,"Thu, 02 Jan 2020 19:15:00 +0800",tw_macro_en
2020-01-02,Baystreet . ca - China Bolts on PMI Survey,,https://www.baystreet.ca/articles/ForeignMarketWrap.aspx?articleid=53499,"Thu, 02 Jan 2020 20:00:00 +0800",tw_macro_en
2020-01-02,Baystreet . ca - China Bolts on PMI Survey,,http://www.baystreet.ca/articles/foreignmarketwrap/53499/010220,"Thu, 02 Jan 2020 20:45:00 +0800",tw_macro_en
2020-01-02,Baystreet . ca - China Bolts on PMI Survey,,http://www.baystreet.ca/foreignmarketwrap/3309/China-Bolts-on-PMI-Survey,"Thu, 02 Jan 2020 20:45:00 +0800",tw_macro_en
2020-01-02,ndice de aes blue chips da China tem máxima de 2 anos com expectativa de acordo comercial,,https://g1.globo.com/economia/noticia/2020/01/02/indice-de-acoes-blue-chips-da-china-tem-maxima-de-2-anos-com-expectativa-de-acordo-comercial.ghtml,"Thu, 02 Jan 2020 21:15:00 +0800",tw_macro_en
2020-01-02,Índice de blue chips da China tem máxima de 2 anos com expectativa de acordo comercial,,"https://www.terra.com.br/economia/indice-de-blue-chips-da-china-tem-maxima-de-2-anos-com-expectativa-de-acordo-comercial,7f6b6c980f1453926de5aa80b61cbd9a8q8gobjc.html","Thu, 02 Jan 2020 22:30:00 +0800",tw_macro_en
2020-01-03,马股开门红 2020迎好年,,http://news.seehua.com/?p=511941,"Fri, 03 Jan 2020 00:30:00 +0800",tw_macro_en
2020-01-03,TWSE to require firms to have bilingual materials,,http://www.taipeitimes.com/News/biz/archives/2020/01/03/2003728613,"Fri, 03 Jan 2020 01:30:00 +0800",tw_macro_en
2020-01-03,"政府基金 去年前11月海賺5 , 000億",,https://ctee.com.tw/news/stock/200629.html,"Fri, 03 Jan 2020 02:30:00 +0800",tw_macro_en
2020-01-03,Dyaco to buy Sole Fitness - Taipei Times,,http://www.taipeitimes.com/News/biz/archives/2020/01/03/2003728612,"Fri, 03 Jan 2020 03:45:00 +0800",tw_macro_en
2020-01-03,Baystreet . ca - China Bolts on PMI Survey,,http://www.baystreet.ca/articles/foreignmarketwrap/53499/China-Bolts-on-PMI-Survey,"Fri, 03 Jan 2020 04:45:00 +0800",tw_macro_en
2020-01-03,台股紅盤報喜 寫下六亮點 | 市場焦點 | 證券,,https://money.udn.com/money/story/5607/4264645,"Fri, 03 Jan 2020 05:45:00 +0800",tw_macro_en
2020-01-03,"政府基金去年前11月海賺5 , 000億 - 財經要聞",,https://www.chinatimes.com/newspapers/20200103000226-260202,"Fri, 03 Jan 2020 06:30:00 +0800",tw_macro_en
2020-01-03,台股將 「 一波到底 」 寫下六亮點 ( 海期手續費促銷價~大昌劉澤慧 ),,http://blog.cnyes.com/My/linda0704/Article2706926,"Fri, 03 Jan 2020 08:30:00 +0800",tw_macro_en
2020-01-03,马股开门红 2020迎好年 | 财经,,https://www.orientaldaily.com.my/news/business/2020/01/02/321134,"Fri, 03 Jan 2020 10:15:00 +0800",tw_macro_en
2020-01-03,Taiwan shares open higher | Business | Focus Taiwan,,http://focustaiwan.tw/news/aeco/202001030001.aspx,"Fri, 03 Jan 2020 11:00:00 +0800",tw_macro_en
2020-01-03,《 盤中解析 》 台股通 「 電 」 爆量 ， 上演紅翻黑 - 財經,,https://www.chinatimes.com/realtimenews/20200103001662-260410,"Fri, 03 Jan 2020 11:30:00 +0800",tw_macro_en
2020-01-03,〈 1010 〉 善用資產配置 繞著地球賺,,http://blog.cnyes.com/My/moneyweekly/Article2706952,"Fri, 03 Jan 2020 11:45:00 +0800",tw_macro_en
2020-01-03,《 盤中解析 》 台股通 「 電 」 爆量 ， 上演紅翻黑 - Yahoo ! 奇摩股市,,https://tw.stock.yahoo.com/news/%E7%9B%A4%E4%B8%AD%E8%A7%A3%E6%9E%90-%E5%8F%B0%E8%82%A1%E9%80%9A-%E9%9B%BB-%E7%88%86%E9%87%8F-%E4%B8%8A%E6%BC%94%E7%B4%85%E7%BF%BB%E9%BB%91-023604055.html,"Fri, 03 Jan 2020 12:15:00 +0800",tw_macro_en
2020-01-03,Wealth & Investing Latest News & Headlines - THE BUSINESS TIMES,,https://www.businesstimes.com.sg/wealth-investing,"Fri, 03 Jan 2020 13:00:00 +0800",tw_macro_en
2020-01-03,"美伊衝突升溫 、 買盤拉抬權王 台股震盪小漲9點收12 , 110 | 市場焦點 | 證券",,https://money.udn.com/money/story/5607/4265473,"Fri, 03 Jan 2020 14:45:00 +0800",tw_macro_en
2020-01-03,收评 ： 沪指横盘震荡微跌0 . 05 % 本周累计涨2 . 62 %,,https://money.163.com/20/0103/15/F1VNRUTQ00258152.html,"Fri, 03 Jan 2020 15:30:00 +0800",tw_macro_en
2020-01-03,"뉴스핌 - [ 아시아 증시 ] 상하이 · 항셍 , 美 - 이란 긴장 고조로 하락",,http://newspim.com/news/view/20200103000902,"Fri, 03 Jan 2020 16:00:00 +0800",tw_macro_en
2020-01-03,"美伊衝突升溫 、 買盤拉抬權王 台股震盪小漲9點收12 , 110❤新竹大昌證券蕭雅云~股票 、 期貨 、 海外期貨及選擇權 、 複委託美股 、 港股下單手續費用便宜 、 優惠",,http://blog.cnyes.com/My/kitty3237/Article2707076,"Fri, 03 Jan 2020 16:45:00 +0800",tw_macro_en
2020-01-03,【 财经下午茶 】 春节快递要停运 ？ 多家物流公司  全年无休,,https://finance.sina.com.cn/roll/2020-01-03/doc-iihnzahk1768734.shtml,"Fri, 03 Jan 2020 17:00:00 +0800",tw_macro_en
2020-01-03,台商資金回流 整體經濟情勢往好的方向變動 - 財經,,https://www.chinatimes.com/realtimenews/20200103003169-260410,"Fri, 03 Jan 2020 17:00:00 +0800",tw_macro_en
2020-01-03,"美伊衝突升溫 、 買盤拉抬權王 台股震盪小漲9點收12 , 110 | 股市要聞 | 股市",,https://udn.com/news/story/7251/4265473,"Fri, 03 Jan 2020 17:00:00 +0800",tw_macro_en
2020-01-03,《 期貨 》 春節長假 ， 期交所將調高股價指數 、 商品及匯率類契約保證金 - 財經,,https://www.chinatimes.com/realtimenews/20200103003308-260410,"Fri, 03 Jan 2020 17:15:00 +0800",tw_macro_en
2020-01-03,〈 證交所新春記者會 〉 無懼陸股磁吸效應打趴台股 許璋瑤 ： 台股兩優勢仍具吸引力 | Anue鉅亨,,https://news.cnyes.com/news/id/4429605,"Fri, 03 Jan 2020 18:00:00 +0800",tw_macro_en
2020-01-03,Índices da China sobem pela 5ª semana seguida por estímulo e otimismo comercial,,https://economia.uol.com.br/noticias/reuters/2020/01/03/indices-da-china-sobem-pela-5-semana-seguida-por-estimulo-e-otimismo-comercial.htm,"Fri, 03 Jan 2020 19:00:00 +0800",tw_macro_en
2020-01-03,春節長假休市9天 期交所擬調高三大類期貨契約保證金約10 % | Anue鉅亨,,https://news.cnyes.com/news/id/4429634,"Fri, 03 Jan 2020 20:00:00 +0800",tw_macro_en
2020-01-03,TSMC returns to prior ex - dividend level Friday | Business | Focus Taiwan,,http://focustaiwan.tw/news/aeco/202001030015.aspx,"Fri, 03 Jan 2020 20:15:00 +0800",tw_macro_en
2020-01-03,Taiwan shares end slightly higher amid renewed Middle East tensions | Business | Focus Taiwan,,http://focustaiwan.tw/news/aeco/202001030014.aspx,"Fri, 03 Jan 2020 20:15:00 +0800",tw_macro_en
2020-01-03,Bolsas da China sobem pela 5ª semana seguida com otimismo comercial,,https://exame.abril.com.br/mercados/bolsas-da-china-sobem-pela-5a-semana-seguida-com-otimismo-comercial/,"Fri, 03 Jan 2020 20:30:00 +0800",tw_macro_en
2020-01-03,Bolsas internacionais operam em queda com aumento das tensões no Oriente Médio,,https://g1.globo.com/economia/noticia/2020/01/03/bolsas-internacionais-caem-com-aumento-das-tensoes-no-oriente-medio.ghtml,"Fri, 03 Jan 2020 22:00:00 +0800",tw_macro_en
2020-01-03,Baystreet . ca - Markets Subdued as Mideast Conflict Ramps Up,,http://www.baystreet.ca/articles/foreignmarketwrap/53532/Markets-Subdued-as-Mideast-Conflict-Ramps-Up,"Fri, 03 Jan 2020 22:15:00 +0800",tw_macro_en
2020-01-03,Baystreet . ca - Markets Subdued as Mideast Conflict Ramps Up,,http://www.baystreet.ca/foreignmarketwrap/3310/Markets-Subdued-as-Mideast-Conflict-Ramps-Up,"Fri, 03 Jan 2020 22:15:00 +0800",tw_macro_en
2020-01-03,Índices da China sobem pela 5ª semana seguida por estímulo e otimismo comercial,,"https://www.terra.com.br/economia/indices-da-china-sobem-pela-5-semana-seguida-por-estimulo-e-otimismo-comercial,e404c5b352765098589cb54ee08703e3eap8w5ip.html","Fri, 03 Jan 2020 22:30:00 +0800",tw_macro_en
2020-01-04,Number of IPOs in Taiwan down but funds raised up by 40 % in 2019 | Business | Focus Taiwan,,http://focustaiwan.tw/news/aeco/202001030019.aspx,"Sat, 04 Jan 2020 00:00:00 +0800",tw_macro_en
2020-01-04,IPO activity tipped to improve - Taipei Times,,http://www.taipeitimes.com/News/biz/archives/2020/01/04/2003728665,"Sat, 04 Jan 2020 00:45:00 +0800",tw_macro_en
2020-01-04,CES 2020 Exhibitor Profiles : AdvancingDiversity . org to Futurus Technology,,https://www.finanznachrichten.de/nachrichten-2020-01/48531466-ces-2020-exhibitor-profiles-advancingdiversity-org-to-futurus-technology-004.htm,"Sat, 04 Jan 2020 03:30:00 +0800",tw_macro_en
2020-01-04,CES 2020 Exhibitor Profiles : Razer to zGlue,,https://www.finanznachrichten.de/nachrichten-2020-01/48531474-ces-2020-exhibitor-profiles-razer-to-zglue-004.htm,"Sat, 04 Jan 2020 03:30:00 +0800",tw_macro_en
2020-01-04,CES 2020 Exhibitor Profiles : AdvancingDiversity . org to Futurus Technology |,,http://www.consumerelectronicsnet.com/ces-2020-exhibitor-profiles-advancingdiversity-org-to-futurus-technology/,"Sat, 04 Jan 2020 05:00:00 +0800",tw_macro_en
2020-01-04,IPO activity tipped to improve,,https://www.eyeontaiwan.com/ipo-activity-tipped-to-improve,"Sat, 04 Jan 2020 07:00:00 +0800",tw_macro_en
2020-01-04,Year in review : The winners and losers of 2019,,https://www.bangkokpost.com/opinion/opinion/1828524/year-in-review-the-winners-and-losers-of-2019,"Sat, 04 Jan 2020 07:30:00 +0800",tw_macro_en
2020-01-04,地緣政治風險升 分析師 ： 台股提防避險賣壓 | 證券,,https://www.cna.com.tw/news/afe/202001040104.aspx,"Sat, 04 Jan 2020 16:15:00 +0800",tw_macro_en
2020-01-04,地緣政治風險升 分析師 ： 台股提防避險賣壓 | 財經 | 三立新聞網 SETN . COM,,https://www.setn.com/News.aspx?NewsID=666142,"Sat, 04 Jan 2020 16:15:00 +0800",tw_macro_en
2020-01-04,地緣政治風險升 分析師 ： 台股提防避險賣壓,,https://news.sina.com.tw/article/20200104/33901302.html,"Sat, 04 Jan 2020 17:00:00 +0800",tw_macro_en
2020-01-04,地緣政治風險升 分析師 ： 台股提防避險賣壓,,https://times.hinet.net/news/22723563,"Sat, 04 Jan 2020 17:15:00 +0800",tw_macro_en
2020-01-04,再不捐就沒血了 ！ 全台鬧血荒 各血型都缺 - 生活,,https://news.ltn.com.tw/news/life/breakingnews/3029784,"Sat, 04 Jan 2020 17:30:00 +0800",tw_macro_en
2020-01-04,地緣政治風險升 分析師 ： 台股提防避險賣壓 | 股市要聞 | 股市,,https://udn.com/news/story/7251/4267484,"Sat, 04 Jan 2020 19:15:00 +0800",tw_macro_en
2020-01-04,地緣政治風險升 分析師 ： 台股提防避險賣壓,,https://ctee.com.tw/news/stock/201499.html,"Sat, 04 Jan 2020 22:15:00 +0800",tw_macro_en
2020-01-05,TAIEX edges up despite profit - taking,,http://www.taipeitimes.com/News/biz/archives/2020/01/05/2003728720,"Sun, 05 Jan 2020 01:00:00 +0800",tw_macro_en
2020-01-05,TAIEX edges up despite profit - taking,,https://www.eyeontaiwan.com/taiex-edges-up-despite-profit-taking,"Sun, 05 Jan 2020 07:00:00 +0800",tw_macro_en
2020-01-05,地緣政治風險升 分析師 ： 台股提防避險賣壓 - Yahoo ! 奇摩股市,,https://tw.stock.yahoo.com/news/%E5%9C%B0%E7%B7%A3%E6%94%BF%E6%B2%BB%E9%A2%A8%E9%9A%AA%E5%8D%87-%E5%88%86%E6%9E%90%E5%B8%AB-%E5%8F%B0%E8%82%A1%E6%8F%90%E9%98%B2%E9%81%BF%E9%9A%AA%E8%B3%A3%E5%A3%93-073916373.html,"Sun, 05 Jan 2020 09:00:00 +0800",tw_macro_en
2020-01-05,5G布建加速 台股聚焦相關供應鏈 | 證券 | 中央社 CNA,,https://www.cna.com.tw/news/afe/202001050039.aspx,"Sun, 05 Jan 2020 11:45:00 +0800",tw_macro_en
2020-01-05,5G布建加速 台股聚焦相關供應鏈 | 科技 | 三立新聞網 SETN . COM,,https://www.setn.com/News.aspx?NewsID=666487,"Sun, 05 Jan 2020 12:15:00 +0800",tw_macro_en
2020-01-05,5G布建加速 台股聚焦相關供應鏈,,https://news.sina.com.tw/article/20200105/33903864.html,"Sun, 05 Jan 2020 12:45:00 +0800",tw_macro_en
2020-01-05,5G布建加速 台股聚焦相關供應鏈 | 上市電子 | 股市,,https://udn.com/news/story/7253/4268455,"Sun, 05 Jan 2020 13:15:00 +0800",tw_macro_en
2020-01-05,〈 台股風向球 〉 外資期貨布局暗示風險意識升溫 選前難脫觀望盤 | Anue鉅亨,,https://news.cnyes.com/news/id/4429797,"Sun, 05 Jan 2020 13:15:00 +0800",tw_macro_en
2020-01-05,全台血庫鬧血荒 民進黨招青年捐血,,https://news.sina.com.tw/article/20200105/33904974.html,"Sun, 05 Jan 2020 17:30:00 +0800",tw_macro_en
2020-01-05,全台血庫鬧血荒 民進黨招青年捐血,,https://easy.sina.com.tw/news/article_newsid-2359075.html,"Sun, 05 Jan 2020 20:00:00 +0800",tw_macro_en
2020-01-05,不怕紅色供應鏈 光學族群打團戰 - 財經,,https://www.chinatimes.com/realtimenews/20200105000016-260410,"Sun, 05 Jan 2020 20:30:00 +0800",tw_macro_en
2020-01-05,Happy - 2020 Forecasts Sent Awry as Iran Tension Saps Risk Assets,,https://www.msn.com/en-us/finance/markets/happy-2020-forecasts-sent-awry-as-iran-tension-saps-risk-assets/ar-BBYCVKa,"Sun, 05 Jan 2020 21:45:00 +0800",tw_macro_en
2020-01-05,Happy - 2020 Forecasts Sent Awry as Iran Tension Saps Risk Assets,,https://finance.yahoo.com/news/happy-2020-forecasts-sent-awry-121241761.html,"Sun, 05 Jan 2020 22:00:00 +0800",tw_macro_en
2020-01-06,Largan reports 58 % jump in revenue - Taipei Times,,http://www.taipeitimes.com/News/biz/archives/2020/01/06/2003728763,"Mon, 06 Jan 2020 01:15:00 +0800",tw_macro_en
2020-01-06,US judge triples damages Quanta must pay HP,,http://www.taipeitimes.com/News/biz/archives/2020/01/06/2003728764,"Mon, 06 Jan 2020 01:15:00 +0800",tw_macro_en
2020-01-06,過年長假 保證金將調高 - 工商時報,,https://ctee.com.tw/news/futures/201849.html,"Mon, 06 Jan 2020 04:00:00 +0800",tw_macro_en
2020-01-06,Money Keeps Pouring Into Taiwan Markets as Election Nears,,https://www.msn.com/en-us/finance/markets/money-keeps-pouring-into-taiwan-e2-80-99s-markets-as-election-nears/ar-BBYDAtz,"Mon, 06 Jan 2020 05:45:00 +0800",tw_macro_en
2020-01-06,Money Keeps Pouring Into Taiwan Markets as Election Nears,,https://finance.yahoo.com/news/money-keeps-pouring-taiwan-markets-200000062.html,"Mon, 06 Jan 2020 06:30:00 +0800",tw_macro_en
2020-01-06,不怕紅色供應鏈 光學族群打團戰 - 工商時報,,https://ctee.com.tw/news/tech/202073.html,"Mon, 06 Jan 2020 08:00:00 +0800",tw_macro_en
2020-01-06,全球股市有過熱風險嗎 ？ ❤新竹大昌證券蕭雅云~股票 、 期貨 、 海外期貨及選擇權 、 複委託美股 、 港股下單手續費用便宜 、 優惠,,http://blog.cnyes.com/My/kitty3237/Article2707237,"Mon, 06 Jan 2020 09:30:00 +0800",tw_macro_en
2020-01-06,《 晨間解盤 》 春節前後防回馬槍 ， 台股後市5聚焦 ( 倫元投顧提供 )_ 富聯網,,http://ww2.money-link.com.tw/RealtimeNews/NewsContent.aspx?sn=4073213001&pu=News_0031,"Mon, 06 Jan 2020 09:45:00 +0800",tw_macro_en
2020-01-06,亚太追随中东股市下跌 原油携手黄金大涨,,https://tech.sina.com.cn/roll/2020-01-06/doc-iihnzhha0568642.shtml,"Mon, 06 Jan 2020 10:00:00 +0800",tw_macro_en
2020-01-06,《 晨間解盤 》 春節前後防回馬槍 ， 台股後市5聚焦 ( 倫元投顧提供 ) - 財經,,https://www.chinatimes.com/realtimenews/20200106001185-260410,"Mon, 06 Jan 2020 10:15:00 +0800",tw_macro_en
2020-01-06,"Money keeps pouring into Taiwan markets as election nears , Government & Economy",,https://www.businesstimes.com.sg/government-economy/money-keeps-pouring-into-taiwan%E2%80%99s-markets-as-election-nears,"Mon, 06 Jan 2020 10:45:00 +0800",tw_macro_en
2020-01-06,Bursa Asia turut tertekan konflik AS - Iran,,https://investasi.kontan.co.id/news/bursa-asia-turut-tertekan-konflik-as-iran,"Mon, 06 Jan 2020 11:45:00 +0800",tw_macro_en
2020-01-06,Number of IPOs in Taiwan down but funds raised up by 40 % in 2019,,https://focustaiwan.tw/business/202001030019,"Mon, 06 Jan 2020 11:45:00 +0800",tw_macro_en
2020-01-06,《 熱門族群 》 特斯拉加冕 ， 台概念股衝鋒 - 財經,,https://www.chinatimes.com/realtimenews/20200106001772-260410,"Mon, 06 Jan 2020 12:00:00 +0800",tw_macro_en
2020-01-06,午评 ： 港股恒指跌0 . 67 % 黄金 、 石油股集体爆发,,https://finance.sina.com.cn/stock/hkstock/hkstocknews/2020-01-06/doc-iihnzahk2269638.shtml,"Mon, 06 Jan 2020 12:30:00 +0800",tw_macro_en
2020-01-06,港股午评 ： 恒指跌0 . 67 % 黄金 、 石油股集体爆发,,https://finance.sina.com.cn/roll/2020-01-06/doc-iihnzhha0610623.shtml,"Mon, 06 Jan 2020 12:30:00 +0800",tw_macro_en
2020-01-06,Happy - 2020 forecasts sent awry as Iran tension saps risk assets,,https://www.moneyweb.co.za/news/markets/happy-2020-forecasts-sent-awry-as-iran-tension-saps-risk-assets/,"Mon, 06 Jan 2020 12:45:00 +0800",tw_macro_en
2020-01-06,資金派對無視政治藍綠 台灣2020年股匯債三多可期 | Anue鉅亨,,https://news.cnyes.com/news/id/4429904,"Mon, 06 Jan 2020 12:45:00 +0800",tw_macro_en
2020-01-06,2020 forecasts for emerging markets sent awry as US - Iran tensions drain risk assets,,https://theprint.in/world/2020-forecasts-for-emerging-markets-sent-awry-as-us-iran-tensions-drain-risk-assets/345111/,"Mon, 06 Jan 2020 13:00:00 +0800",tw_macro_en
2020-01-06,午評 ： 港股恆指跌0 . 67 % 黃金 、 石油股集體爆發,,https://news.sina.com.tw/article/20200106/33910440.html,"Mon, 06 Jan 2020 13:15:00 +0800",tw_macro_en
2020-01-06,Happy - 2020 Forecasts Sent Awry as Iran Tension Saps Risk Assets,,https://ca.finance.yahoo.com/news/happy-2020-forecasts-sent-awry-121241761.html,"Mon, 06 Jan 2020 14:30:00 +0800",tw_macro_en
2020-01-06,快讯 ： 港股恒指午后跌幅扩大至1 % 美团升破110港元,,https://finance.sina.com.cn/stock/hkstock/hkstocknews/2020-01-06/doc-iihnzahk2298669.shtml,"Mon, 06 Jan 2020 14:45:00 +0800",tw_macro_en
2020-01-06,"뉴스핌 - [ 아시아 증시 ] 日 , 트럼프 對이란 응징 경고 속 하락 ... 中 , 혼조세",,http://newspim.com/news/view/20200106001024,"Mon, 06 Jan 2020 16:30:00 +0800",tw_macro_en
2020-01-06,外围市场下挫 ！ 沪指3100点得而复失 特斯拉板块全线爆发 _ 腾讯新闻,,https://new.qq.com/omn/20200106/20200106A05RFE00.html,"Mon, 06 Jan 2020 16:45:00 +0800",tw_macro_en
2020-01-06,〈 武漢爆不明肺炎 〉 防疫概念股逆勢突圍 恆大 、 康那香帶頭衝族群強勢 | Anue鉅亨,,https://news.cnyes.com/news/id/4430021,"Mon, 06 Jan 2020 17:00:00 +0800",tw_macro_en
2020-01-06,《 台股攻略 － 馮偉明 》 美伊緊張局勢升溫 ， 台股急跌失守一萬二千點 - 經濟通 ET Net,,http://www.etnet.com.hk/www/tc/news/categorized_news_detail.php?category=latest&newsid=ETN30010625,"Mon, 06 Jan 2020 17:15:00 +0800",tw_macro_en
2020-01-06,恒指午后扩大跌幅至1 % 美团升破110港元 - 香港商報,,http://www.hkcd.com/content/2020-01/06/content_1172975.html,"Mon, 06 Jan 2020 17:15:00 +0800",tw_macro_en
2020-01-06,Largan December sales send company share price plunging,,https://focustaiwan.tw/business/202001060010,"Mon, 06 Jan 2020 17:30:00 +0800",tw_macro_en
2020-01-06,【 财经下午茶 】 24小时不停产 ! 金价创新高,,https://finance.sina.com.cn/roll/2020-01-06/doc-iihnzhha0682465.shtml,"Mon, 06 Jan 2020 17:30:00 +0800",tw_macro_en
2020-01-06,【 财经下午茶 】 24小时不停产 ! 金价创新高,,https://finance.sina.com.cn/stock/relnews/us/2020-01-06/doc-iihnzahk2347658.shtml,"Mon, 06 Jan 2020 18:00:00 +0800",tw_macro_en
2020-01-06,Asia bad to good moments in 2019 | The Japan Times,,https://www.japantimes.co.jp/opinion/2020/01/06/commentary/world-commentary/asias-bad-good-moments-2019/,"Mon, 06 Jan 2020 18:45:00 +0800",tw_macro_en
2020-01-06,Índice de blue - chips da China fecha em baixa com tensões no Oriente Médio,,https://economia.uol.com.br/noticias/reuters/2020/01/06/indice-de-blue-chips-da-china-fecha-em-baixa-com-tensoes-no-oriente-medio.htm,"Mon, 06 Jan 2020 19:15:00 +0800",tw_macro_en
2020-01-06,Bolsas asiáticas fecham em baixa com tensões no Oriente Médio,,https://g1.globo.com/economia/noticia/2020/01/06/bolsas-asiaticas-fecham-em-baixa-com-tensoes-no-oriente-medio.ghtml,"Mon, 06 Jan 2020 19:30:00 +0800",tw_macro_en
2020-01-06,ChipMOS to Present at Credit Suisse 2020 Greater China Technology and Internet Conference,,https://www.prnewswire.com/news-releases/chipmos-to-present-at-credit-suisses-2020-greater-china-technology-and-internet-conference-300980789.html,"Mon, 06 Jan 2020 19:30:00 +0800",tw_macro_en
2020-01-06,《 熱門族群 》 特斯拉加冕 ， 台概念股衝鋒 - Yahoo ! 奇摩股市,,https://tw.stock.yahoo.com/news/%E7%86%B1%E9%96%80%E6%97%8F%E7%BE%A4-%E7%89%B9%E6%96%AF%E6%8B%89%E5%8A%A0%E5%86%95-%E5%8F%B0%E6%A6%82%E5%BF%B5%E8%82%A1%E8%A1%9D%E9%8B%92-031905847.html,"Mon, 06 Jan 2020 19:30:00 +0800",tw_macro_en
2020-01-06,ChipMOS to Present at Credit Suisse 2020 Greater China Technology and Internet Conference,,https://www.tmcnet.com/usubmit/2020/01/06/9076088.htm,"Mon, 06 Jan 2020 19:45:00 +0800",tw_macro_en
2020-01-06,Baystreet . ca - Japan Leads Asia Losses on Iran Tensions,,http://www.baystreet.ca/articles/ForeignMarketWrap.aspx?articleid=53571,"Mon, 06 Jan 2020 20:00:00 +0800",tw_macro_en
2020-01-06,Índice de blue - chips da China fecha em baixa com tensões no Oriente Médio,,https://extra.globo.com/noticias/economia/indice-de-blue-chips-da-china-fecha-em-baixa-com-tensoes-no-oriente-medio-24173247.html,"Mon, 06 Jan 2020 20:15:00 +0800",tw_macro_en
2020-01-06,Bolsas asiáticas fecham majoritariamente em baixa com tensões no Oriente Médio,,"https://www.terra.com.br/economia/bolsas-asiaticas-fecham-majoritariamente-em-baixa-com-tensoes-no-oriente-medio,12e23e3d4e9337634177d12dc0e388af7c0fk93x.html","Mon, 06 Jan 2020 20:30:00 +0800",tw_macro_en
2020-01-06,Quanta Storage shares plunge after large damages ordered by court,,https://focustaiwan.tw/business/202001060016,"Mon, 06 Jan 2020 20:30:00 +0800",tw_macro_en
2020-01-06,Taiwan shares shed over 150 points amid geopolitical tensions,,https://focustaiwan.tw/business/202001060013,"Mon, 06 Jan 2020 20:30:00 +0800",tw_macro_en
2020-01-06,Índice de blue - chips da China fecha em baixa com tensões no Oriente Médio,,"https://www.terra.com.br/economia/indice-de-blue-chips-da-china-fecha-em-baixa-com-tensoes-no-oriente-medio,95e8adb3befea820431b9cdeb1eeda45ghaxd2pn.html","Mon, 06 Jan 2020 20:30:00 +0800",tw_macro_en
2020-01-06,Asia bad to good moments in 2019 | The Japan Times,,https://www.japantimes.co.jp/?post_type=opinion&p=2410075,"Mon, 06 Jan 2020 21:00:00 +0800",tw_macro_en
2020-01-06,Baystreet . ca - Japan Leads Asia Losses on Iran Tensions,,http://www.baystreet.ca/articles/foreignmarketwrap/53571/Japan-Leads-Asia-Losses-on-Iran-Tensions,"Mon, 06 Jan 2020 22:45:00 +0800",tw_macro_en
2020-01-06,Baystreet . ca - Japan Leads Asia Losses on Iran Tensions,,http://www.baystreet.ca/foreignmarketwrap/3311/Japan-Leads-Asia-Losses-on-Iran-Tensions,"Mon, 06 Jan 2020 22:45:00 +0800",tw_macro_en
2020-01-06,美伊局势紧张升级 国防军工 、 石油石化 、 黄金板块拉升,,http://www.bjnews.com.cn/finance/2020/01/06/670724.html,"Mon, 06 Jan 2020 22:45:00 +0800",tw_macro_en
2020-01-06,美伊局势紧张升级 国防军工 、 石油石化 、 黄金板块拉升,,https://finance.sina.com.cn/roll/2020-01-06/doc-iihnzhha0739305.shtml,"Mon, 06 Jan 2020 22:45:00 +0800",tw_macro_en
2020-01-06,Bolsas asiáticas fecham majoritariamente em baixa com tensões no Oriente Médio,,https://www.jornaldocomercio.com/_conteudo/economia/2020/01/719532-bolsas-asiaticas-fecham-majoritariamente-em-baixa-com-tensoes-no-oriente-medio.html,"Mon, 06 Jan 2020 23:15:00 +0800",tw_macro_en
2020-01-07,Money keeps pouring into Taiwan markets as election nears,,https://www.sfchronicle.com/news/article/Money-keeps-pouring-into-Taiwan-s-markets-as-14952837.php,"Tue, 07 Jan 2020 00:30:00 +0800",tw_macro_en
2020-01-07,Forex reserves hit fresh high on rising currencies,,http://www.taipeitimes.com/News/biz/archives/2020/01/07/2003728813,"Tue, 07 Jan 2020 01:15:00 +0800",tw_macro_en
2020-01-07,ChipMOS to Present at Credit Suisse 20 ...,,https://www.taiwannews.com.tw/en/news/3851451,"Tue, 07 Jan 2020 02:15:00 +0800",tw_macro_en
2020-01-07,Conviene moderar las previsiones optimistas para los emergentes en 2020,,https://www.perfil.com/noticias/bloomberg/bc-aparque-esas-previsiones-optimistas-para-los-emergentes-en-2020.phtml,"Tue, 07 Jan 2020 03:30:00 +0800",tw_macro_en
2020-01-07,編 ‧ 輯 ‧ 室 ‧ 報 ‧ 告 － 台股選後有沒有行情 ？！ - 產業特刊,,https://www.chinatimes.com/newspapers/20200107000272-260210,"Tue, 07 Jan 2020 05:45:00 +0800",tw_macro_en
2020-01-07,彭博 ： 無論誰勝選 股匯都看旺 | 金融要聞 | 產經,,https://udn.com/news/story/7239/4271749,"Tue, 07 Jan 2020 08:00:00 +0800",tw_macro_en
2020-01-07,基金 ： 元大投信旗下各基金1 / 6淨值漲跌一覽表 _ 富聯網,,http://ww2.money-link.com.tw/RealtimeNews/NewsContent.aspx?sn=1425349002&pu=News_0009_3,"Tue, 07 Jan 2020 08:30:00 +0800",tw_macro_en
2020-01-07,Institutional Capital Advisory Announces 2020 Key Corporate Access Events,,http://www.jcnnewswire.com/pressrelease/56597/2/Institutional-Capital-Advisory-Announces-2020-Key-Corporate-Access-Events,"Tue, 07 Jan 2020 09:15:00 +0800",tw_macro_en
2020-01-07,Bursa saham Asia berbalik menguat setelah anjlok di awal pekan,,https://investasi.kontan.co.id/news/bursa-saham-asia-berbalik-menguat-setelah-anjlok-di-awal-pekan,"Tue, 07 Jan 2020 11:00:00 +0800",tw_macro_en
2020-01-07,Institutional Capital Advisory Announces 2020 Key Corporate Access Events |,,http://internet.itbusinessnet.com/2020/01/institutional-capital-advisory-announces-2020-key-corporate-access-events/,"Tue, 07 Jan 2020 11:30:00 +0800",tw_macro_en
2020-01-07,Institutional Capital Advisory Announces 2020 Key Corporate Access Events |,,http://networking.itbusinessnet.com/2020/01/institutional-capital-advisory-announces-2020-key-corporate-access-events/,"Tue, 07 Jan 2020 11:30:00 +0800",tw_macro_en
2020-01-07,Institutional Capital Advisory Announces 2020 Key Corporate Access Events |,,http://softwaredev.itbusinessnet.com/2020/01/institutional-capital-advisory-announces-2020-key-corporate-access-events/,"Tue, 07 Jan 2020 11:30:00 +0800",tw_macro_en
2020-01-07,Institutional Capital Advisory Announces 2020 Key Corporate Access Events |,,http://enterpriseapps.itbusinessnet.com/2020/01/institutional-capital-advisory-announces-2020-key-corporate-access-events/,"Tue, 07 Jan 2020 12:30:00 +0800",tw_macro_en
2020-01-07,亞太普跌 A股仍堅挺 - 香港商報,,http://www.hkcd.com/content/2020-01/07/content_1173090.html,"Tue, 07 Jan 2020 12:30:00 +0800",tw_macro_en
2020-01-07,Institutional Capital Advisory Announces 2020 Key Corporate Access Events |,,http://business.itbusinessnet.com/2020/01/institutional-capital-advisory-announces-2020-key-corporate-access-events/,"Tue, 07 Jan 2020 12:45:00 +0800",tw_macro_en
2020-01-07,Institutional Capital Advisory Announces 2020 Key Corporate Access Events |,,http://cloud.itbusinessnet.com/2020/01/institutional-capital-advisory-announces-2020-key-corporate-access-events/,"Tue, 07 Jan 2020 13:00:00 +0800",tw_macro_en
2020-01-07,Money Pours Into Taiwan Markets as Election Nears,,https://www.msn.com/en-us/finance/markets/money-pours-into-taiwan-e2-80-99s-markets-as-election-nears/ar-BBYDAtz,"Tue, 07 Jan 2020 14:15:00 +0800",tw_macro_en
2020-01-07,Institutional Capital Advisory Announces 2020 Key Corporate Access Events |,,http://hardware.itbusinessnet.com/2020/01/institutional-capital-advisory-announces-2020-key-corporate-access-events/,"Tue, 07 Jan 2020 15:15:00 +0800",tw_macro_en
2020-01-07,《 盤後解析 》 大立光回神坐鎮 ， 台股傷勢減輕收跌73點 - 財經,,https://www.chinatimes.com/realtimenews/20200107003066-260410,"Tue, 07 Jan 2020 15:30:00 +0800",tw_macro_en
2020-01-07,Institutional Capital Advisory Announces 2020 Key Corporate Access Events |,,http://security.itbusinessnet.com/2020/01/institutional-capital-advisory-announces-2020-key-corporate-access-events/,"Tue, 07 Jan 2020 16:00:00 +0800",tw_macro_en
2020-01-07,"뉴스핌 - [ 아시아 증시 ] 日 · 中 , 중동 정세 우려 완화로 상승",,http://newspim.com/news/view/20200107001155,"Tue, 07 Jan 2020 16:00:00 +0800",tw_macro_en
2020-01-07,封關日那天有盤後夜盤嗎 ? 過年期貨保證金調高10 %！ 1月W4周選結算日是哪天 ? 2020過年春節期貨休市表,,http://blog.cnyes.com/My/love46/Article2707486,"Tue, 07 Jan 2020 16:30:00 +0800",tw_macro_en
2020-01-07,摩台指手續費 摩台指期貨保證金 摩台結算日 跳一點多少錢 ? 摩台指未平倉量技術分析看盤軟體,,http://blog.cnyes.com/My/love46/Article2707488,"Tue, 07 Jan 2020 16:30:00 +0800",tw_macro_en
2020-01-07,Bolsas asiáticas fecham em alta diante de menor preocupao com Oriente Médio,,https://istoe.com.br/bolsas-asiaticas-fecham-em-alta-diante-de-menor-preocupacao-com-oriente-medio/,"Tue, 07 Jan 2020 18:00:00 +0800",tw_macro_en
2020-01-07,01月07日 ( 周二 ) 大盘直播 ( 回顾 ) 华募鑫源 ( Q : 100 686 4060 ) 东方财富网博客,,http://blog.eastmoney.com/caozuo/blog_896755433.html,"Tue, 07 Jan 2020 18:30:00 +0800",tw_macro_en
2020-01-07,Bolsas asiáticas fecham em alta diante de menor preocupao com Oriente Médio,,"https://www.terra.com.br/economia/bolsas-asiaticas-fecham-em-alta-diante-de-menor-preocupacao-com-oriente-medio,f5e7ede731d16f083ebb7dba7091066c9oe0vrsz.html","Tue, 07 Jan 2020 18:30:00 +0800",tw_macro_en
2020-01-07,"Innolux Integrates WiseEye® , Himax - Emza Intelligent Human Sensing Technology , into its Displays to Assure Real - Time Privacy Protection",,https://www.globenewswire.com/news-release/2020/01/07/1967042/0/en/Innolux-Integrates-WiseEye-Himax-Emza-Intelligent-Human-Sensing-Technology-into-its-Displays-to-Assure-Real-Time-Privacy-Protection.html,"Tue, 07 Jan 2020 19:00:00 +0800",tw_macro_en
2020-01-07,ndice da China fecha na máxima de 8 meses com menor preocupao sobre Oriente Médio,,https://economia.uol.com.br/noticias/reuters/2020/01/07/indice-da-china-fecha-na-maxima-de-8-meses-com-menor-preocupacao-sobre-oriente-medio.htm,"Tue, 07 Jan 2020 19:00:00 +0800",tw_macro_en
2020-01-07,"Singapore shares post strong recovery , gain 0 . 9 % on Tuesday",,https://www.businesstimes.com.sg/stocks/singapore-shares-post-strong-recovery-gain-09-on-tuesday,"Tue, 07 Jan 2020 19:30:00 +0800",tw_macro_en
2020-01-07,ndice da China fecha na máxima de 8 meses com menor preocupao sobre Oriente Médio,,https://extra.globo.com/noticias/economia/indice-da-china-fecha-na-maxima-de-8-meses-com-menor-preocupacao-sobre-oriente-medio-24174901.html,"Tue, 07 Jan 2020 19:30:00 +0800",tw_macro_en
2020-01-07,ndice de aes da China fecha em alta com menor preocupao sobre Oriente Médio,,https://g1.globo.com/economia/noticia/2020/01/07/indice-de-acoes-da-china-fecha-em-alta-com-menor-preocupacao-sobre-oriente-medio.ghtml,"Tue, 07 Jan 2020 19:30:00 +0800",tw_macro_en
2020-01-07,Baystreet . ca - Asia Jumps Despite Iran Tensions,,https://www.baystreet.ca/articles/ForeignMarketWrap.aspx?articleid=53608,"Tue, 07 Jan 2020 20:00:00 +0800",tw_macro_en
2020-01-07,Bolsas asiáticas fecham em alta diante de menor preocupao com Oriente Médio,,https://www.istoedinheiro.com.br/bolsas-asiaticas-fecham-em-alta-diante-de-menor-preocupacao-com-oriente-medio/,"Tue, 07 Jan 2020 20:00:00 +0800",tw_macro_en
2020-01-07,Taiwan shares continue to slide - Focus Taiwan,,https://focustaiwan.tw/business/202001070011,"Tue, 07 Jan 2020 20:15:00 +0800",tw_macro_en
2020-01-07,Bolsas asiáticas fecham em alta diante de menor preocupao com Oriente Médio,,https://www.jornaldocomercio.com/_conteudo/economia/2020/01/719722-bolsas-asiaticas-fecham-em-alta-diante-de-menor-preocupacao-com-oriente-medio.html,"Tue, 07 Jan 2020 20:30:00 +0800",tw_macro_en
2020-01-07,鎖定高股息優質龍頭公司 退休理財不用愁 | Anue鉅亨,,https://news.cnyes.com/news/id/4430754,"Tue, 07 Jan 2020 20:30:00 +0800",tw_macro_en
2020-01-07,Deje de lado las previsiones optimistas para emergentes en el 2020,,https://gestion.pe/economia/mercados/deje-de-lado-las-previsiones-optimistas-para-emergentes-en-el-2020-noticia/,"Tue, 07 Jan 2020 21:45:00 +0800",tw_macro_en
2020-01-07,ndice da China fecha na máxima de 8 meses com menor preocupao sobre Oriente Médio,,"https://www.terra.com.br/economia/indice-da-china-fecha-na-maxima-de-8-meses-com-menor-preocupacao-sobre-oriente-medio,2a57a064d3820fb6ec19f2c70330641dbnytn8hk.html","Tue, 07 Jan 2020 22:00:00 +0800",tw_macro_en
2020-01-07,Baystreet . ca - Asia Jumps Despite Iran Tensions,,http://www.baystreet.ca/articles/foreignmarketwrap/53608/Asia-Jumps-Despite-Iran-Tensions,"Tue, 07 Jan 2020 22:15:00 +0800",tw_macro_en
2020-01-07,Baystreet . ca - Asia Jumps Despite Iran Tensions,,http://www.baystreet.ca/foreignmarketwrap/3312/Asia-Jumps-Despite-Iran-Tensions,"Tue, 07 Jan 2020 22:15:00 +0800",tw_macro_en
2020-01-07,"The Taiwan Fund , Inc . Announces 1st Quarter Earnings",,https://www.prnewswire.com/news-releases/the-taiwan-fund-inc-announces-1st-quarter-earnings-300982711.html,"Tue, 07 Jan 2020 23:15:00 +0800",tw_macro_en
2020-01-07,"The Taiwan Fund , Inc . Announces 1st Quarter Earnings",,https://www.prnewswire.com:443/news-releases/the-taiwan-fund-inc-announces-1st-quarter-earnings-300982711.html,"Tue, 07 Jan 2020 23:15:00 +0800",tw_macro_en
2020-01-08,"The Taiwan Fund , Inc . Announces 1st Quarter Earnings",,http://www.oleantimesherald.com/news/state/the-taiwan-fund-inc-announces-st-quarter-earnings/article_9882a89a-70ca-575c-817d-6f9bb8c52150.html,"Wed, 08 Jan 2020 00:00:00 +0800",tw_macro_en
2020-01-08,Advertisements land Jko Asset in hot water with FSC,,http://www.taipeitimes.com/News/biz/archives/2020/01/08/2003728866,"Wed, 08 Jan 2020 00:45:00 +0800",tw_macro_en
2020-01-08,Standard Chartered bullish on Asian equities,,http://www.taipeitimes.com/News/biz/archives/2020/01/08/2003728864,"Wed, 08 Jan 2020 00:45:00 +0800",tw_macro_en
2020-01-08,Walsin Q4 revenue fell 4 . 8 % due to fewer work days,,http://www.taipeitimes.com/News/biz/archives/2020/01/08/2003728871,"Wed, 08 Jan 2020 00:45:00 +0800",tw_macro_en
2020-01-08,Innolux Corporation and Tanvas Partner to Deliver TanvasTouch Surface Haptics in an Automotive - Qualified Display,,https://www.tmcnet.com/usubmit/2020/01/07/9077750.htm,"Wed, 08 Jan 2020 03:45:00 +0800",tw_macro_en
2020-01-08,똑같이 IT로 먹고사는데 … 대만 증시만 날았다,,https://biz.chosun.com/site/data/html_dir/2020/01/08/2020010800038.html,"Wed, 08 Jan 2020 05:45:00 +0800",tw_macro_en
2020-01-08,STI rises 0 . 9 % as region reverses Monday sell - off,,https://www.straitstimes.com/business/companies-markets/sti-rises-09-as-region-reverses-mondays-sell-off,"Wed, 08 Jan 2020 06:15:00 +0800",tw_macro_en
2020-01-08,Institutional Capital Advisory Announces 2020 Key Corporate Access Events,,https://au.finance.yahoo.com/news/institutional-capital-advisory-announces-2020-090000008.html,"Wed, 08 Jan 2020 08:45:00 +0800",tw_macro_en
2020-01-08,AnyConnect and ASUS Bring Smarter Camera AI to the Edge,,https://www.prnewswire.com/news-releases/anyconnect-and-asus-bring-smarter-camera-ai-to-the-edge-300983194.html,"Wed, 08 Jan 2020 09:15:00 +0800",tw_macro_en
2020-01-08,AnyConnect and ASUS Bring Smarter Camera AI to the Edge,,https://www.prnewswire.com:443/news-releases/anyconnect-and-asus-bring-smarter-camera-ai-to-the-edge-300983194.html,"Wed, 08 Jan 2020 09:15:00 +0800",tw_macro_en
2020-01-08,AnyConnect and ASUS Bring Smarter Camera AI to the Edge | 08 . 01 . 20,,https://www.finanzen.ch/nachrichten/aktien/anyconnect-and-asus-bring-smarter-camera-ai-to-the-edge-1028801285,"Wed, 08 Jan 2020 09:30:00 +0800",tw_macro_en
2020-01-08,Bursa Asia ambrol di tengah kekhawatiran konflik AS - Iran,,https://investasi.kontan.co.id/news/bursa-asia-ambrol-di-tengah-kekhawatiran-konflik-as-iran,"Wed, 08 Jan 2020 11:00:00 +0800",tw_macro_en
2020-01-08,IT News Online - PR Newswire - AnyConnect and ASUS Bring Smarter Camera AI to the Edge,,http://www.itnewsonline.com/prnewswire/AnyConnect-and-ASUS-Bring-Smarter-Camera-AI-to-the-Edge/677640,"Wed, 08 Jan 2020 11:15:00 +0800",tw_macro_en
2020-01-08,美伊衝突持續升溫 台股開盤跌61 . 56點 | 股市要聞 | 股市,,https://udn.com/news/story/7251/4274179,"Wed, 08 Jan 2020 11:30:00 +0800",tw_macro_en
2020-01-08,〈 台股盤中 〉 中東爭端擴大 台股雙D股撐盤 一度黑翻紅小漲表現優亞股 | Anue鉅亨,,https://news.cnyes.com/news/id/4430906,"Wed, 08 Jan 2020 12:45:00 +0800",tw_macro_en
2020-01-08,Boursa Kuwait holds first position in the world in 2019 - ARAB TIMES,,http://www.arabtimesonline.com/news/boursa-kuwait-holds-first-position-in-the-world-in-2019/,"Wed, 08 Jan 2020 13:00:00 +0800",tw_macro_en
2020-01-08,Asian stocks plunge following Iran attack on US - occupied base - Nikkei Asian Review,,https://asia.nikkei.com/Spotlight/Iran-tensions/Asian-stocks-plunge-following-Iran-attack-on-US-occupied-base,"Wed, 08 Jan 2020 14:15:00 +0800",tw_macro_en
2020-01-08,"台積電收在平盤 台股下跌63點收11 , 817 | 市場焦點 | 證券",,https://money.udn.com/money/story/5607/4274813,"Wed, 08 Jan 2020 14:30:00 +0800",tw_macro_en
2020-01-08,收评 ： 沪指走低跌1 . 22 % 黄金 、 国防板块逆势大涨,,https://money.163.com/20/0108/15/F2CJR4IM00258152.html,"Wed, 08 Jan 2020 15:30:00 +0800",tw_macro_en
2020-01-08,뉴스핌 - [ 아시아 증시 ] 이란 미사일 공습에 하락 .. 닛케이 · 항셍 낙폭 축소,,http://newspim.com/news/view/20200108000968,"Wed, 08 Jan 2020 16:15:00 +0800",tw_macro_en
2020-01-08,【 财经下午茶 】 奔驰车  爆缸  发动机破洞|金价 _ 新浪财经 _ 新浪网,,https://finance.sina.com.cn/roll/2020-01-08/doc-iihnzhha1152984.shtml,"Wed, 08 Jan 2020 16:45:00 +0800",tw_macro_en
2020-01-08,"台積電收在平盤 台股下跌63點收11 , 817 | 股市要聞 | 股市",,https://udn.com/news/story/7251/4274813,"Wed, 08 Jan 2020 16:45:00 +0800",tw_macro_en
2020-01-08,Bolsas da Ásia fecham em baixa generalizada com piora de tensões no Oriente Médio,,https://www.istoedinheiro.com.br/bolsas-da-asia-fecham-em-baixa-generalizada-com-piora-de-tensoes-no-oriente-medio/,"Wed, 08 Jan 2020 17:15:00 +0800",tw_macro_en
2020-01-08,【 财经下午茶 】 奔驰车  爆缸  发动机破洞|金价 _ 新浪财经 _ 新浪网,,https://finance.sina.com.cn/stock/relnews/us/2020-01-08/doc-iihnzhha1157023.shtml,"Wed, 08 Jan 2020 17:15:00 +0800",tw_macro_en
2020-01-08,Bolsas asiáticas fecham em baixa com piora de tensões no Oriente Médio,,"https://www.terra.com.br/economia/bolsas-asiaticas-fecham-em-baixa-com-piora-de-tensoes-no-oriente-medio,8098596fc4dc69540b77eb3057598eba97k9n4gr.html","Wed, 08 Jan 2020 17:30:00 +0800",tw_macro_en
2020-01-08,Bolsas da Ásia fecham em baixa generalizada com piora de tensões no Oriente Médio,,"https://www.terra.com.br/economia/bolsas-da-asia-fecham-em-baixa-generalizada-com-piora-de-tensoes-no-oriente-medio,1198f8bba26a1dc0487817c9aab9693achrq4nj0.html","Wed, 08 Jan 2020 17:30:00 +0800",tw_macro_en
2020-01-08,Bolsas da Ásia fecham em baixa generalizada com piora de tensões no Oriente Médio,,https://istoe.com.br/bolsas-da-asia-fecham-em-baixa-generalizada-com-piora-de-tensoes-no-oriente-medio/,"Wed, 08 Jan 2020 18:15:00 +0800",tw_macro_en
2020-01-08,Iran missile strike sends gold and oil prices up - Nikkei Asian Review,,https://asia.nikkei.com/Business/Markets/Commodities/Iran-s-missile-strike-sends-gold-and-oil-prices-up,"Wed, 08 Jan 2020 18:15:00 +0800",tw_macro_en
2020-01-08,Asian stocks dive after Iran fires missiles at US - led forces - Nikkei Asian Review,,https://asia.nikkei.com/Spotlight/Iran-tensions/Asian-stocks-dive-after-Iran-fires-missiles-at-US-led-forces,"Wed, 08 Jan 2020 18:30:00 +0800",tw_macro_en
2020-01-08,Iran missile strike sends gold and oil prices up - Nikkei Asian Review,,https://asia.nikkei.com/Spotlight/Iran-tensions/Iran-s-missile-strike-sends-gold-and-oil-prices-up,"Wed, 08 Jan 2020 18:30:00 +0800",tw_macro_en
2020-01-08,Índices da China têm maior queda em 2 semanas após ataque do Irã a forças dos EUA,,https://economia.uol.com.br/noticias/reuters/2020/01/08/indices-da-china-tem-maior-queda-em-2-semanas-apos-ataque-do-ira-a-forcas-dos-eua.htm,"Wed, 08 Jan 2020 19:00:00 +0800",tw_macro_en
2020-01-08,Índices da China têm maior queda em 2 semanas após ataque do Irã a forças dos EUA,,https://extra.globo.com/noticias/economia/indices-da-china-tem-maior-queda-em-2-semanas-apos-ataque-do-ira-forcas-dos-eua-24176698.html,"Wed, 08 Jan 2020 19:00:00 +0800",tw_macro_en
2020-01-08,ChipMOS REPORTS DECEMBER 2019 AND 4Q19 REVENUE ; 4Q19 REVENUE INCREASES 12 . 1 % YoY and 3 . 2 % QoQ ; HIGHEST QUARTERLY LEVEL SINCE 1Q15,,https://www.prnewswire.com/news-releases/chipmos-reports-december-2019-and-4q19-revenue-4q19-revenue-increases-12-1-yoy-and-3-2-qoq-highest-quarterly-level-since-1q15--300983354.html,"Wed, 08 Jan 2020 19:30:00 +0800",tw_macro_en
2020-01-08,ChipMOS REPORTS DECEMBER 2019 AND 4Q19 REVENUE ; 4Q19 REVENUE INCREASES 12 . 1 % YoY and 3 . 2 % QoQ ; HIGHEST QUARTERLY LEVEL SINCE 1Q15,,https://www.prnewswire.com:443/news-releases/chipmos-reports-december-2019-and-4q19-revenue-4q19-revenue-increases-12-1-yoy-and-3-2-qoq-highest-quarterly-level-since-1q15--300983354.html,"Wed, 08 Jan 2020 19:30:00 +0800",tw_macro_en
2020-01-08,Baystreet . ca - Asia Reels on Mideast Violence,,http://www.baystreet.ca/articles/ForeignMarketWrap.aspx?articleid=53645,"Wed, 08 Jan 2020 20:00:00 +0800",tw_macro_en
2020-01-08,ChipMOS REPORTS DECEMBER 2019 AND 4Q19 REVENUE ; 4Q19 REVENUE INCREASES 12 . 1 % YoY and 3 . 2 % QoQ ; HIGHEST QUARTERLY LEVEL SINCE 1Q15,,https://www.tmcnet.com/usubmit/2020/01/08/9078113.htm,"Wed, 08 Jan 2020 20:00:00 +0800",tw_macro_en
2020-01-08,Baystreet . ca - Asia Reels on Mideast Violence,,http://www.baystreet.ca/articles/foreignmarketwrap/53645/010820,"Wed, 08 Jan 2020 20:15:00 +0800",tw_macro_en
2020-01-08,Baystreet . ca - Asia Reels on Mideast Violence,,http://www.baystreet.ca/foreignmarketwrap/3313/Asia-Reels-on-Mideast-Violence,"Wed, 08 Jan 2020 20:15:00 +0800",tw_macro_en
2020-01-08,Bolsas asiáticas fecham em baixa com piora de tensões no Oriente Médio ; petróleo mantém alta,,"https://www.terra.com.br/economia/bolsas-asiaticas-fecham-em-baixa-com-piora-de-tensoes-no-oriente-medio-petroleo-mantem-alta,8098596fc4dc69540b77eb3057598eba97k9n4gr.html","Wed, 08 Jan 2020 20:30:00 +0800",tw_macro_en
2020-01-08,Bolsas da Ásia fecham em baixa generalizada com piora de tensões no Oriente Médio,,https://www.jornaldocomercio.com/_conteudo/economia/2020/01/719901-bolsas-da-asia-fecham-em-baixa-generalizada-com-piora-de-tensoes-no-oriente-medio.html,"Wed, 08 Jan 2020 20:30:00 +0800",tw_macro_en
2020-01-08,Índices da China têm maior queda em 2 semanas após ataque do Irã a forças dos EUA,,"https://www.terra.com.br/economia/indices-da-china-tem-maior-queda-em-2-semanas-apos-ataque-do-ira-a-forcas-dos-eua,5782b4c1cec8efba1472d7eba5139cbfadnnv0s5.html","Wed, 08 Jan 2020 20:30:00 +0800",tw_macro_en
2020-01-08,Baystreet . ca - Asia Reels on Mideast Violence,,https://www.baystreet.ca/foreignmarketwrap/3313/Asia-Reels-on-Mideast-Violence,"Wed, 08 Jan 2020 20:45:00 +0800",tw_macro_en
2020-01-08,Taiwan shares end down amid geopolitical conflicts,,https://focustaiwan.tw/business/202001080012,"Wed, 08 Jan 2020 21:15:00 +0800",tw_macro_en
2020-01-08,Yageo to remit NT$10 billion for local investment,,https://focustaiwan.tw/business/202001080018,"Wed, 08 Jan 2020 21:15:00 +0800",tw_macro_en
2020-01-08,沪指跌逾1 % 失守5日均线 调整是吸纳  三低  品种机会 _ 东方财富网,,http://finance.eastmoney.com/a/202001081350965356.html,"Wed, 08 Jan 2020 22:30:00 +0800",tw_macro_en
2020-01-08,Bolsas da China têm maior queda em 2 semanas após ataque do Irã a bases dos EUA,,https://g1.globo.com/economia/noticia/2020/01/08/bolsas-da-china-tem-maior-queda-em-2-semanas-apos-ataque-do-ira-a-bases-dos-eua.ghtml,"Wed, 08 Jan 2020 23:15:00 +0800",tw_macro_en
2020-01-08,"Innolux Integrates WiseEye® , Himax - Emza Intelligent Human Sensing Technology , into its Displays to Assure Real - Time Privacy Protection",,https://www.eejournal.com/industry_news/innolux-integrates-wiseeye-himax-emza-intelligent-human-sensing-technology-into-its-displays-to-assure-real-time-privacy-protection/,"Wed, 08 Jan 2020 23:15:00 +0800",tw_macro_en
2020-01-09,TAIEX likely to perform well this year : Schroder,,http://www.taipeitimes.com/News/biz/archives/2020/01/09/2003728930,"Thu, 09 Jan 2020 01:45:00 +0800",tw_macro_en
2020-01-09,Índices da China têm maior queda em 2 semanas após ataque do Irã a forças dos EUA,,http://www.ariquemesonline.com.br/noticia.asp?cod=378506&codDep=20,"Thu, 09 Jan 2020 02:30:00 +0800",tw_macro_en
2020-01-09,"Gold makes best hedge amid US - Iran flare - up , strategists say",,https://www.businesstimes.com.sg/companies-markets/gold-makes-best-hedge-amid-us-iran-flare-up-strategists-say,"Thu, 09 Jan 2020 06:45:00 +0800",tw_macro_en
2020-01-09,NAND日本大廠火警 記憶體台廠進補 | 產業熱點 | 產業,,https://money.udn.com/money/story/5612/4276206,"Thu, 09 Jan 2020 07:00:00 +0800",tw_macro_en
2020-01-09,中東風雲急 油金飆 、 歐美股回穩 - 自由財經,,https://ec.ltn.com.tw/article/paper/1344752,"Thu, 09 Jan 2020 07:00:00 +0800",tw_macro_en
2020-01-09,沪指跌逾1 % 失守5日均线 调整是吸纳  三低  品种机会|跌逾 _ 新浪财经 _ 新浪网,,https://finance.sina.com.cn/roll/2020-01-09/doc-iihnzahk2915863.shtml,"Thu, 09 Jan 2020 07:45:00 +0800",tw_macro_en
2020-01-09,沪指跌逾1 % 失守5日均线 调整是吸纳  三低  品种机会 - 股票频道 - 金融界,,http://stock.jrj.com.cn/invest/2020/01/09071228647401.shtml,"Thu, 09 Jan 2020 08:15:00 +0800",tw_macro_en
2020-01-09,Taiwan shares end down amid geopolitical conflicts,,https://www.eyeontaiwan.com/taiwan-shares-end-down-amid-geopolitical-conflicts,"Thu, 09 Jan 2020 09:00:00 +0800",tw_macro_en
2020-01-09,INSERTING and REPLACING CES 2020 Exhibitor Profiles : AdvancingDiversity . org to Futurus Technology,,https://www.finanznachrichten.de/nachrichten-2020-01/48563425-inserting-and-replacing-ces-2020-exhibitor-profiles-advancingdiversity-org-to-futurus-technology-004.htm,"Thu, 09 Jan 2020 09:30:00 +0800",tw_macro_en
2020-01-09,INSERTING and REPLACING CES 2020 Exhibitor Profiles : Razer to zGlue,,https://www.finanznachrichten.de/nachrichten-2020-01/48563476-inserting-and-replacing-ces-2020-exhibitor-profiles-razer-to-zglue-004.htm,"Thu, 09 Jan 2020 10:30:00 +0800",tw_macro_en
2020-01-09,NAND日本大廠火警 記憶體台廠進補,,http://blog.cnyes.com/My/violethung0428/Article2707720,"Thu, 09 Jan 2020 10:30:00 +0800",tw_macro_en
2020-01-09,"Risiko mereda , bursa Asia melaju kencang",,https://investasi.kontan.co.id/news/risiko-mereda-bursa-asia-melaju-kencang,"Thu, 09 Jan 2020 11:00:00 +0800",tw_macro_en
2020-01-09,INSERTING and REPLACING CES 2020 Exhibitor Profiles : AdvancingDiversity . org to Futurus Technology |,,http://internet.itbusinessnet.com/2020/01/inserting-and-replacing-ces-2020-exhibitor-profiles-advancingdiversity-org-to-futurus-technology/,"Thu, 09 Jan 2020 11:30:00 +0800",tw_macro_en
2020-01-09,INSERTING and REPLACING CES 2020 Exhibitor Profiles : AdvancingDiversity . org to Futurus Technology |,,http://itbusinessnet.com/2020/01/inserting-and-replacing-ces-2020-exhibitor-profiles-advancingdiversity-org-to-futurus-technology/,"Thu, 09 Jan 2020 11:30:00 +0800",tw_macro_en
2020-01-09,INSERTING and REPLACING CES 2020 Exhibitor Profiles : AdvancingDiversity . org to Futurus Technology |,,http://networking.itbusinessnet.com/2020/01/inserting-and-replacing-ces-2020-exhibitor-profiles-advancingdiversity-org-to-futurus-technology/,"Thu, 09 Jan 2020 11:30:00 +0800",tw_macro_en
2020-01-09,INSERTING and REPLACING CES 2020 Exhibitor Profiles : AdvancingDiversity . org to Futurus Technology |,,http://security.itbusinessnet.com/2020/01/inserting-and-replacing-ces-2020-exhibitor-profiles-advancingdiversity-org-to-futurus-technology/,"Thu, 09 Jan 2020 11:45:00 +0800",tw_macro_en
2020-01-09,INSERTING and REPLACING CES 2020 Exhibitor Profiles : AdvancingDiversity . org to Futurus Technology |,,http://softwaredev.itbusinessnet.com/2020/01/inserting-and-replacing-ces-2020-exhibitor-profiles-advancingdiversity-org-to-futurus-technology/,"Thu, 09 Jan 2020 12:00:00 +0800",tw_macro_en
2020-01-09,INSERTING and REPLACING CES 2020 Exhibitor Profiles : AdvancingDiversity . org to Futurus Technology |,,http://cloud.itbusinessnet.com/2020/01/inserting-and-replacing-ces-2020-exhibitor-profiles-advancingdiversity-org-to-futurus-technology/,"Thu, 09 Jan 2020 13:30:00 +0800",tw_macro_en
2020-01-09,INSERTING and REPLACING CES 2020 Exhibitor Profiles : AdvancingDiversity . org to Futurus Technology |,,http://www.consumerelectronicsnet.com/inserting-and-replacing-ces-2020-exhibitor-profiles-advancingdiversity-org-to-futurus-technology/,"Thu, 09 Jan 2020 14:00:00 +0800",tw_macro_en
2020-01-09,INSERTING and REPLACING CES 2020 Exhibitor Profiles : AdvancingDiversity . org to Futurus Technology |,,http://enterpriseapps.itbusinessnet.com/2020/01/inserting-and-replacing-ces-2020-exhibitor-profiles-advancingdiversity-org-to-futurus-technology/,"Thu, 09 Jan 2020 14:30:00 +0800",tw_macro_en
2020-01-09,台股強勢反彈153點 再戰12000點關卡,,https://news.sina.com.tw/article/20200109/33945234.html,"Thu, 09 Jan 2020 15:15:00 +0800",tw_macro_en
2020-01-09,"ASE Technology Holding Co ., Ltd . Announces Monthly Net Revenues *",,https://www.prnewswire.com:443/news-releases/ase-technology-holding-co-ltd-announces-monthly-net-revenues-300983293.html,"Thu, 09 Jan 2020 15:30:00 +0800",tw_macro_en
2020-01-09,收评 ： 创指涨2 . 71 % 创21个月新高 科技股全线爆发,,https://money.163.com/20/0109/15/F2F69SDR00258105.html,"Thu, 09 Jan 2020 15:30:00 +0800",tw_macro_en
2020-01-09,INSERTING and REPLACING CES 2020 Exhibitor Profiles : AdvancingDiversity . org to Futurus Technology |,,http://hardware.itbusinessnet.com/2020/01/inserting-and-replacing-ces-2020-exhibitor-profiles-advancingdiversity-org-to-futurus-technology/,"Thu, 09 Jan 2020 15:45:00 +0800",tw_macro_en
2020-01-09,"IT News Online - PR Newswire - ASE Technology Holding Co ., Ltd . Announces Monthly Net Revenues *",,http://www.itnewsonline.com/prnewswire/ASE-Technology-Holding-Co.-Ltd.-Announces-Monthly-Net-Revenues/677859,"Thu, 09 Jan 2020 15:45:00 +0800",tw_macro_en
2020-01-09,《 盤後解析 》 台股強勢反彈153點 再戰12000點關卡 | 財經 | 三立新聞網 SETN . COM,,https://www.setn.com/News.aspx?NewsID=669106,"Thu, 09 Jan 2020 15:45:00 +0800",tw_macro_en
2020-01-09,"ASE Technology Holding Co ., Ltd . Announces Monthly Net Revenues *",,https://www.prnewswire.com/news-releases/ase-technology-holding-co-ltd-announces-monthly-net-revenues-300983293.html,"Thu, 09 Jan 2020 16:00:00 +0800",tw_macro_en
2020-01-09,뉴스핌 - [ 아시아 증시 ] 미 - 이란 전면전 우려 완화로 일제히 상승,,http://newspim.com/news/view/20200109001468,"Thu, 09 Jan 2020 16:00:00 +0800",tw_macro_en
2020-01-09,"ASE Technology Holding Co ., Ltd . Announces Monthly Net Revenues *",,https://www.tmcnet.com/usubmit/2020/01/09/9078770.htm,"Thu, 09 Jan 2020 16:15:00 +0800",tw_macro_en
2020-01-09,INSERTING and REPLACING CES 2020 Exhibitor Profiles : AdvancingDiversity . org to Futurus Technology |,,http://business.itbusinessnet.com/2020/01/inserting-and-replacing-ces-2020-exhibitor-profiles-advancingdiversity-org-to-futurus-technology/,"Thu, 09 Jan 2020 16:15:00 +0800",tw_macro_en
2020-01-09,台股強勢反彈153點 選前再戰12000點關卡,,https://times.hinet.net/news/22731326,"Thu, 09 Jan 2020 16:15:00 +0800",tw_macro_en
2020-01-09,MÄRKTE ASIEN / Deeskalation um Iran sorgt für Kauflaune - Samsung auf Rekordhoch,,https://www.finanznachrichten.de/nachrichten-2020-01/48565615-maerkte-asien-deeskalation-um-iran-sorgt-fuer-kauflaune-samsung-auf-rekordhoch-015.htm,"Thu, 09 Jan 2020 17:00:00 +0800",tw_macro_en
2020-01-09,【 财经下午茶 】 官方回应  天价  高速费 ： 误收部分将返还车主|高速费 _ 新浪财经 _ 新浪网,,https://finance.sina.com.cn/roll/2020-01-09/doc-iihnzhha1389334.shtml,"Thu, 09 Jan 2020 17:00:00 +0800",tw_macro_en
2020-01-09,Bolsas da Ásia fecham em alta generalizada com alívio de tensões no Oriente Médio,,"https://www.terra.com.br/economia/bolsas-da-asia-fecham-em-alta-generalizada-com-alivio-de-tensoes-no-oriente-medio,d16676d097e01b44d94459487a011194d5txxoil.html","Thu, 09 Jan 2020 17:30:00 +0800",tw_macro_en
2020-01-09,【 财经下午茶 】 官方回应  天价  高速费 ： 误收部分将返还车主|高速费 _ 新浪财经 _ 新浪网,,https://finance.sina.com.cn/stock/relnews/us/2020-01-09/doc-iihnzahk3060318.shtml,"Thu, 09 Jan 2020 17:45:00 +0800",tw_macro_en
2020-01-09,Bolsas da Ásia fecham em alta generalizada com alívio de tensões no Oriente Médio,,https://www.istoedinheiro.com.br/bolsas-da-asia-fecham-em-alta-generalizada-com-alivio-de-tensoes-no-oriente-medio/,"Thu, 09 Jan 2020 19:45:00 +0800",tw_macro_en
2020-01-09,Bolsas da Ásia fecham em alta generalizada com alívio de tensões no Oriente Médio,,https://www.jornaldocomercio.com/_conteudo/economia/2020/01/720085-bolsas-da-asia-fecham-em-alta-generalizada-com-alivio-de-tensoes-no-oriente-medio.html,"Thu, 09 Jan 2020 19:45:00 +0800",tw_macro_en
2020-01-09,ndices da China avançam com reduo dos temores sobre conflito no Oriente Médio,,https://extra.globo.com/noticias/economia/indices-da-china-avancam-com-reducao-dos-temores-sobre-conflito-no-oriente-medio-24179459.html,"Thu, 09 Jan 2020 19:45:00 +0800",tw_macro_en
2020-01-09,昂寶 - KY表現優異 ！ 投資人建議在這價格賣出,,https://ctee.com.tw/matchplay/204064.html,"Thu, 09 Jan 2020 20:00:00 +0800",tw_macro_en
2020-01-09,Bolsas da China fecham em alta com reduo dos temores sobre conflito no Oriente Médio,,https://g1.globo.com/economia/noticia/2020/01/09/bolsas-da-china-fecham-em-alta-com-reducao-dos-temores-sobre-conflito-no-oriente-medio.ghtml,"Thu, 09 Jan 2020 22:45:00 +0800",tw_macro_en
2020-01-09,Baystreet . ca - Asia Bounces Back as MidEast Tensions Ease,,https://www.baystreet.ca/articles/ForeignMarketWrap.aspx?articleid=53681,"Thu, 09 Jan 2020 23:30:00 +0800",tw_macro_en
2020-01-09,Baystreet . ca - Asia Bounces Back as MidEast Tensions Ease,,https://www.baystreet.ca/articles/foreignmarketwrap/53681/010920,"Thu, 09 Jan 2020 23:30:00 +0800",tw_macro_en
2020-01-10,Baystreet . ca - Asia Bounces Back as MidEast Tensions Ease,,http://baystreet.ca/foreignmarketwrap/3315/Asia-Bounces-Back-as-MidEast-Tensions-Ease,"Fri, 10 Jan 2020 00:15:00 +0800",tw_macro_en
2020-01-10,Baystreet . ca - Asia Reels on Mideast Violence,,http://baystreet.ca/articles/foreignmarketwrap/53645/Asia-Reels-on-Mideast-Violence,"Fri, 10 Jan 2020 00:15:00 +0800",tw_macro_en
2020-01-10,Cost of travel worth it for elections,,http://www.taipeitimes.com/News/editorials/archives/2020/01/10/2003728997,"Fri, 10 Jan 2020 01:00:00 +0800",tw_macro_en
2020-01-10,Baystreet . ca - Asia Bounces Back as MidEast Tensions Ease,,https://www.baystreet.ca/foreignmarketwrap/3315/Asia-Bounces-Back-as-MidEast-Tensions-Ease,"Fri, 10 Jan 2020 04:00:00 +0800",tw_macro_en
2020-01-10,選前押寶 藍綠概念股出列 ( 海期手續費促銷價~大昌劉澤慧 ),,http://blog.cnyes.com/My/linda0704/Article2707873,"Fri, 10 Jan 2020 09:00:00 +0800",tw_macro_en
2020-01-10,選前押寶 藍綠概念股出列~~大昌證券樹林胡雅惠美股港股複委託線上開戶歡迎洽詢,,http://blog.cnyes.com/My/f220900438/Article2707878,"Fri, 10 Jan 2020 09:00:00 +0800",tw_macro_en
2020-01-10,Considering A Start - Up Business Or IPO In Taiwan ? - Finance and Banking,,http://mondaq.com/caymanislands/x/881678/Commodities+Derivatives+Stock+Exchanges/Considering+A+StartUp+Business+Or+IPO+In+Taiwan,"Fri, 10 Jan 2020 10:00:00 +0800",tw_macro_en
2020-01-10,"AS - China meneken kesepakatan pekan depan , bursa Asia menghijau",,https://investasi.kontan.co.id/news/as-china-meneken-kesepakatan-pekan-depan-bursa-asia-menghijau,"Fri, 10 Jan 2020 10:15:00 +0800",tw_macro_en
2020-01-10,Considering A Start - Up Business Or IPO In Taiwan ? - Finance and Banking,,http://www.mondaq.com/caymanislands/x/881678/Commodities+Derivatives+Stock+Exchanges/Considering+A+StartUp+Business+Or+IPO+In+Taiwan,"Fri, 10 Jan 2020 12:00:00 +0800",tw_macro_en
2020-01-10,《 台股盤中 》 台股開高震盪 12000點關卡保衛戰 | 財經 | 三立新聞網 SETN . COM,,https://www.setn.com/News.aspx?NewsID=669590,"Fri, 10 Jan 2020 12:00:00 +0800",tw_macro_en
2020-01-10,台股選前觀望開高震盪 12000點關卡保衛戰 | 證券,,https://www.cna.com.tw/news/afe/202001100059.aspx,"Fri, 10 Jan 2020 12:00:00 +0800",tw_macro_en
2020-01-10,台股選前觀望開高震盪 12000點關卡保衛戰,,https://news.sina.com.tw/article/20200110/33953572.html,"Fri, 10 Jan 2020 12:30:00 +0800",tw_macro_en
2020-01-10,Taiwan manufacturing sector improved in November : think tank,,https://focustaiwan.tw/business/202001010009,"Fri, 10 Jan 2020 12:45:00 +0800",tw_macro_en
2020-01-10,選前押寶 藍綠概念股出列 - 工商時報,,https://ctee.com.tw/news/stock/204176.html,"Fri, 10 Jan 2020 14:30:00 +0800",tw_macro_en
2020-01-10,【 數報 】 特別報導 ： 中租 - KY ( 5871 ) 12月營收創歷史新高 ， 近12個月共4次歷史新高 _ 富聯網,,http://ww2.money-link.com.tw/RealtimeNews/NewsContent.aspx?sn=14660030&pu=News_0011_3,"Fri, 10 Jan 2020 15:00:00 +0800",tw_macro_en
2020-01-10,台股強勢反彈153點 再戰12000點關卡 - Yahoo奇摩新聞,,https://tw.news.yahoo.com/%E5%8F%B0%E8%82%A1%E5%BC%B7%E5%8B%A2%E5%8F%8D%E5%BD%88153%E9%BB%9E-%E5%86%8D%E6%88%B012000%E9%BB%9E%E9%97%9C%E5%8D%A1-062430254.html,"Fri, 10 Jan 2020 15:45:00 +0800",tw_macro_en
2020-01-10,"뉴스핌 - [ 아시아 증시 ] 중동 위험 완화 , 미중 협상 타결 앞두고 혼조",,http://newspim.com/news/view/20200110000967,"Fri, 10 Jan 2020 16:15:00 +0800",tw_macro_en
2020-01-10,【 财经下午茶 】 麦当劳部分产品涨价 ， 6元早餐变9元,,https://finance.sina.com.cn/roll/2020-01-10/doc-iihnzhha1621001.shtml,"Fri, 10 Jan 2020 17:15:00 +0800",tw_macro_en
2020-01-10,"大選前夕百億買盤神救援 台股上漲54點收12 , 024 | 股市要聞 | 股市",,https://udn.com/news/story/7251/4279319,"Fri, 10 Jan 2020 17:15:00 +0800",tw_macro_en
2020-01-10,U . S .- China Power Struggle on the Ballot in Taiwan Election,,https://finance.yahoo.com/news/u-china-power-struggle-ballot-085050442.html,"Fri, 10 Jan 2020 17:45:00 +0800",tw_macro_en
2020-01-10,【 财经下午茶 】 麦当劳部分产品涨价 ， 6元早餐变9元,,https://finance.sina.com.cn/stock/relnews/us/2020-01-10/doc-iihnzahk3289319.shtml,"Fri, 10 Jan 2020 18:00:00 +0800",tw_macro_en
2020-01-10,【 數報 】 特別報導 ： 國泰金 ( 2882 ) 12月營收創歷史新高 ， 年增率連續6個月成長 _ 富聯網,,http://ww2.money-link.com.tw/RealtimeNews/NewsContent.aspx?sn=14713030&pu=News_0011_3,"Fri, 10 Jan 2020 18:30:00 +0800",tw_macro_en
2020-01-10,【 數報 】 特別報導 ： 樺漢 ( 6414 ) 12月營收創歷史新高 _ 富聯網,,http://ww2.money-link.com.tw/RealtimeNews/NewsContent.aspx?sn=14709030&pu=News_0011_3,"Fri, 10 Jan 2020 18:30:00 +0800",tw_macro_en
2020-01-10,"Bolsas asiáticas sobem majoritariamente , de olho em Oriente Médio e comércio",,"https://www.terra.com.br/economia/bolsas-asiaticas-sobem-majoritariamente-de-olho-em-oriente-medio-e-comercio,87a1681ef41b3e8e8c17536e504946d1l8jipbhk.html","Fri, 10 Jan 2020 19:00:00 +0800",tw_macro_en
2020-01-10,Índices da China sobem por 6ª semana seguida após alívio nas tensões no Oriente Médio,,https://economia.uol.com.br/noticias/reuters/2020/01/10/indices-da-china-sobem-por-6-semana-seguida-apos-alivio-nas-tensoes-no-oriente-medio.htm,"Fri, 10 Jan 2020 19:00:00 +0800",tw_macro_en
2020-01-10,Índices da China sobem por 6ª semana seguida após alívio nas tensões no Oriente Médio,,"https://www.terra.com.br/economia/indices-da-china-sobem-por-6-semana-seguida-apos-alivio-nas-tensoes-no-oriente-medio,05f3f79d1ec8b2d084b88b109e35975aqojy7q4l.html","Fri, 10 Jan 2020 19:00:00 +0800",tw_macro_en
2020-01-10,"Largan shares boosted by 2019 earnings ; target price hits NT$6 , 000",,https://focustaiwan.tw/business/202001100007,"Fri, 10 Jan 2020 19:15:00 +0800",tw_macro_en
2020-01-10,"Taiwan shares end above 12 , 000 points on late - session buying",,https://focustaiwan.tw/business/202001100008,"Fri, 10 Jan 2020 19:15:00 +0800",tw_macro_en
2020-01-10,選前觀望氣氛轉濃 新台幣貶值1 . 1分 | 產經,,https://www.cna.com.tw/news/afe/202001100257.aspx,"Fri, 10 Jan 2020 19:15:00 +0800",tw_macro_en
2020-01-10,"Bolsas asiáticas sobem majoritariamente , de olho em Oriente Médio e comércio",,https://www.istoedinheiro.com.br/bolsas-asiaticas-sobem-majoritariamente-de-olho-em-oriente-medio-e-comercio/,"Fri, 10 Jan 2020 19:30:00 +0800",tw_macro_en
2020-01-10,"Bolsas asiáticas sobem majoritariamente , de olho em Oriente Médio e comércio",,https://istoe.com.br/bolsas-asiaticas-sobem-majoritariamente-de-olho-em-oriente-medio-e-comercio/,"Fri, 10 Jan 2020 19:45:00 +0800",tw_macro_en
2020-01-10,Bolsas da China sobem pela 6ª semana seguida após alívio nas tensões no Oriente Médio,,https://g1.globo.com/economia/noticia/2020/01/10/bolsas-da-china-sobem-pela-6a-semana-seguida-apos-alivio-nas-tensoes-no-oriente-medio.ghtml,"Fri, 10 Jan 2020 19:45:00 +0800",tw_macro_en
2020-01-10,Índices da China sobem por 6ª semana seguida após alívio nas tensões no Oriente Médio,,https://extra.globo.com/noticias/economia/indices-da-china-sobem-por-6-semana-seguida-apos-alivio-nas-tensoes-no-oriente-medio-24182225.html,"Fri, 10 Jan 2020 19:45:00 +0800",tw_macro_en
2020-01-10,選前觀望氣氛轉濃 新台幣貶值1 . 1分,,https://news.sina.com.tw/article/20200110/33958576.html,"Fri, 10 Jan 2020 20:15:00 +0800",tw_macro_en
2020-01-10,Bolsas asiáticas sobem majoritariamente de olho em Oriente Médio e comércio,,https://www.jornaldocomercio.com/_conteudo/economia/2020/01/720287-bolsas-asiaticas-sobem-majoritariamente-de-olho-em-oriente-medio-e-comercio.html,"Fri, 10 Jan 2020 20:30:00 +0800",tw_macro_en
2020-01-10,台湾周六大选 选票映照中美角力 | e南洋商报Nanyang Siang Pau,,http://www.enanyang.my/news/20200110/%E5%8F%B0%E6%B9%BE%E5%91%A8%E5%85%AD%E5%A4%A7%E9%80%89-br%E9%80%89%E7%A5%A8%E6%98%A0%E7%85%A7%E4%B8%AD%E7%BE%8E%E8%A7%92%E5%8A%9B/,"Fri, 10 Jan 2020 20:30:00 +0800",tw_macro_en
2020-01-10,Baystreet . ca - Asia Surges as Middle East Tensions Cool,,https://www.baystreet.ca/foreignmarketwrap/3316/Asia-Surges-as-Middle-East-Tensions-Cool,"Fri, 10 Jan 2020 21:30:00 +0800",tw_macro_en
2020-01-11,U . S .- China power struggle on the ballot in Taiwan Election,,https://www.sfchronicle.com/news/article/U-S-China-power-struggle-on-the-ballot-in-14964969.php,"Sat, 11 Jan 2020 00:00:00 +0800",tw_macro_en
2020-01-11,U . S .- China power struggle on the ballot in Taiwan Election,,https://www.sfgate.com/news/article/U-S-China-power-struggle-on-the-ballot-in-14964969.php,"Sat, 11 Jan 2020 00:00:00 +0800",tw_macro_en
2020-01-11,U . S .- China power struggle on the ballot in Taiwan Election,,https://www.thetelegraph.com/news/article/U-S-China-power-struggle-on-the-ballot-in-14964969.php,"Sat, 11 Jan 2020 00:00:00 +0800",tw_macro_en
2020-01-11,U . S .- China power struggle on the ballot in Taiwan Election,,https://www.stamfordadvocate.com/news/article/U-S-China-power-struggle-on-the-ballot-in-14964969.php,"Sat, 11 Jan 2020 00:15:00 +0800",tw_macro_en
2020-01-11,Annual tax revenue hits a record - high NT$2 . 45tn : ministry,,http://www.taipeitimes.com/News/biz/archives/2020/01/11/2003729044,"Sat, 11 Jan 2020 00:30:00 +0800",tw_macro_en
2020-01-11,Baystreet . ca - Asia Surges as Middle East Tensions Cool,,http://baystreet.ca/foreignmarketwrap/3316/Asia-Surges-as-Middle-East-Tensions-Cool,"Sat, 11 Jan 2020 00:45:00 +0800",tw_macro_en
2020-01-11,Taiwan Takes to Presidential Polls With Stocks Near All - Time High,,https://realmoney.thestreet.com/investing/taiwan-takes-to-presidential-polls-with-stocks-near-all-time-high-15202237,"Sat, 11 Jan 2020 01:45:00 +0800",tw_macro_en
2020-01-11,Taiwan stocks show both sides bet theyll win weekend election,,https://www.bnnbloomberg.ca/taiwan-stocks-show-both-sides-bet-they-ll-win-weekend-election-1.1371886,"Sat, 11 Jan 2020 03:45:00 +0800",tw_macro_en
2020-01-11,"Overnight Markets : US futures , Asia stocks rise on easing Middle East tensions",,https://citywireusa.com/professional-buyer/news/overnight-markets-us-futures-asia-stocks-rise-on-easing-middle-east-tensions/a1311954,"Sat, 11 Jan 2020 04:00:00 +0800",tw_macro_en
2020-01-11,2020年有不一样的时间,,https://finance.sina.com.cn/roll/2020-01-11/doc-iihnzahk3382816.shtml,"Sat, 11 Jan 2020 09:45:00 +0800",tw_macro_en
2020-01-11,大选前夕台股显示蓝绿两派支持者均认为有望取胜,,https://www.zaobao.com.sg/realtime/china/story20200111-1020306,"Sat, 11 Jan 2020 11:15:00 +0800",tw_macro_en
2020-01-11,Baystreet . ca - Asia Surges as Middle East Tensions Cool,,http://baystreet.ca/articles/foreignmarketwrap/53714/Asia-Surges-as-Middle-East-Tensions-Cool,"Sat, 11 Jan 2020 15:00:00 +0800",tw_macro_en
2020-01-11,Tsai takes early lead in Taiwan presidential vote,,https://www.freemalaysiatoday.com/category/world/2020/01/11/tsai-takes-early-lead-in-taiwan-presidential-vote/,"Sat, 11 Jan 2020 18:15:00 +0800",tw_macro_en
2020-01-12,Asian stocks trade mixed ahead of US jobs report,,http://www.taipeitimes.com/News/biz/archives/2020/01/12/2003729098,"Sun, 12 Jan 2020 00:15:00 +0800",tw_macro_en
2020-01-12,"뉴스핌 - [ 대만총통 선거현장에서 ] 녹색이 하늘색 덮었다 , 차이잉원 압승은 중국에 대한 준엄한 경고",,http://newspim.com/news/view/20200112000002,"Sun, 12 Jan 2020 03:00:00 +0800",tw_macro_en
2020-01-12,綠贏概念股 慶祝行情可期 - 工商時報,,https://ctee.com.tw/news/stock/205306.html,"Sun, 12 Jan 2020 04:00:00 +0800",tw_macro_en
2020-01-12,TSMC Posts Record 2019 on Bigger Demand for Chips,,https://wccftech.com/tsmc-posts-record-2019-on-bigger-demand-for-chips/,"Sun, 12 Jan 2020 08:45:00 +0800",tw_macro_en
2020-01-12,《 各報要聞 》 外資 ： 台股2020發揮空間還很大 _ 富聯網,,http://ww2.money-link.com.tw/RealtimeNews/NewsContent.aspx?sn=4079971001&pu=News_0002_3,"Sun, 12 Jan 2020 12:00:00 +0800",tw_macro_en
2020-01-12,《 各報要聞 》 外資 ： 台股2020發揮空間還很大 _ 富聯網,,http://ww2.money-link.com.tw/RealtimeNews/NewsContent.aspx?sn=4079971001&pu=News_0002_5,"Sun, 12 Jan 2020 12:00:00 +0800",tw_macro_en
2020-01-12,經濟解析 ／ 選後漲率高 選好股抱過年 | 股市要聞 | 股市,,https://udn.com/news/story/7251/4283050,"Sun, 12 Jan 2020 12:45:00 +0800",tw_macro_en
2020-01-12,小英連任 法人 ︰ 不確定因素消除 台股首季可望挑戰新高,,https://ec.ltn.com.tw/article/breakingnews/3038160,"Sun, 12 Jan 2020 16:30:00 +0800",tw_macro_en
2020-01-12,慶祝 ！ 綠營政績股帶風向 | 股市要聞 | 股市,,https://udn.com/news/story/7251/4283057,"Sun, 12 Jan 2020 18:00:00 +0800",tw_macro_en
2020-01-12,經濟解析 ／ 選後漲率高 選好股抱過年,,https://times.hinet.net/news/22735364,"Sun, 12 Jan 2020 18:45:00 +0800",tw_macro_en
2020-01-12,總統大選落幕 ， 台股將走麼走 ？,,http://blog.cnyes.com/My/praetor/Article2708034,"Sun, 12 Jan 2020 21:30:00 +0800",tw_macro_en
2020-01-13,Tsai Looks Set for Landslide Win in Taiwan Presidential Vote,,https://nz.news.yahoo.com/u-china-power-struggle-ballot-045542022.html,"Mon, 13 Jan 2020 01:15:00 +0800",tw_macro_en
2020-01-13,Financial group profit climbs 19 . 16 %,,http://www.taipeitimes.com/News/biz/archives/2020/01/13/2003729140,"Mon, 13 Jan 2020 01:30:00 +0800",tw_macro_en
2020-01-13,Stock market could rally post - election,,http://www.taipeitimes.com/News/biz/archives/2020/01/13/2003729135,"Mon, 13 Jan 2020 01:30:00 +0800",tw_macro_en
2020-01-13,春節期貨保證金 調高 - 工商時報,,https://ctee.com.tw/news/futures/205538.html,"Mon, 13 Jan 2020 03:15:00 +0800",tw_macro_en
2020-01-13,選後慶祝 小英5+2產業長多 - 工商時報,,https://ctee.com.tw/news/stock/205623.html,"Mon, 13 Jan 2020 03:15:00 +0800",tw_macro_en
2020-01-13,「 驚喜可能提早到 」 選後台股行情 拚飛越高點 | 股市要聞 | 股市,,https://udn.com/news/story/7251/4283825,"Mon, 13 Jan 2020 03:45:00 +0800",tw_macro_en
2020-01-13,Tsai Election Victory Set to Bolster Taiwan Buoyant Markets,,https://finance.yahoo.com/news/tsai-election-victory-set-bolster-203000078.html,"Mon, 13 Jan 2020 05:30:00 +0800",tw_macro_en
2020-01-13,Tsai Election Victory Set to Bolster Taiwan Buoyant Markets,,https://www.msn.com/en-us/finance/markets/tsai-e2-80-99s-election-victory-set-to-bolster-taiwan-e2-80-99s-buoyant-markets/ar-BBYSSHb,"Mon, 13 Jan 2020 05:30:00 +0800",tw_macro_en
2020-01-13,三大外資唱旺 台股將上演慶祝行情 | 市場焦點 | 證券,,https://money.udn.com/money/story/5607/4284006,"Mon, 13 Jan 2020 05:30:00 +0800",tw_macro_en
2020-01-13,「 驚喜可能提早到 」 選後台股行情 拚飛越高點 | 股市要聞 | 股市,,https://udn.com/news/story/11316/4283825,"Mon, 13 Jan 2020 08:15:00 +0800",tw_macro_en
2020-01-13,台積電ADR上周五跌0 . 6 ％ 溢價減為3 . 9 ％ | 全球財經 | 全球,,https://udn.com/news/story/6811/4284246,"Mon, 13 Jan 2020 08:15:00 +0800",tw_macro_en
2020-01-13,三大外資唱旺 台股將上演慶祝行情 | 股市要聞 | 股市,,https://udn.com/news/story/7251/4284006,"Mon, 13 Jan 2020 08:45:00 +0800",tw_macro_en
2020-01-13,Tsai election victory set to bolster Taiwan buoyant markets,,https://www.japantimes.co.jp/?post_type=news&p=2422447,"Mon, 13 Jan 2020 09:00:00 +0800",tw_macro_en
2020-01-13,Taiwan Stocks Rise After Tsai Election Victory Boosts Sentiment,,https://www.msn.com/en-us/finance/markets/taiwan-stock-index-futures-rise-after-tsai-wins-second-term/ar-BBYSSHb,"Mon, 13 Jan 2020 09:30:00 +0800",tw_macro_en
2020-01-13,Taiwan Stocks Rise After Tsai Election Victory Boosts Sentiment,,https://www.msn.com/en-us/finance/markets/taiwan-stocks-rise-after-tsai-election-victory-boosts-sentiment/ar-BBYSSHb,"Mon, 13 Jan 2020 09:30:00 +0800",tw_macro_en
2020-01-13,Taiwan stocks rise after Tsai election victory boosts sentiment,,https://www.hindustantimes.com/business-news/taiwan-stocks-rise-after-tsai-election-victory-boosts-sentiment/story-2WwcnB8FR3on43rjfSuxbJ.html,"Mon, 13 Jan 2020 10:00:00 +0800",tw_macro_en
2020-01-13,Tsai election victory set to bolster Taiwan buoyant markets,,https://www.japantimes.co.jp/news/2020/01/13/business/tsais-election-victory-set-bolster-taiwans-buoyant-markets/,"Mon, 13 Jan 2020 10:30:00 +0800",tw_macro_en
2020-01-13,Taiwan Stocks Rise After Tsai Election Victory Boosts Sentiment,,https://ca.finance.yahoo.com/news/tsai-election-victory-set-bolster-203000078.html,"Mon, 13 Jan 2020 11:00:00 +0800",tw_macro_en
2020-01-13,차이잉원 당선에 물 만난 대만증시 … 가권지수 4월까지 기록적 상승  전망 - 헤럴드경제,,http://biz.heraldcorp.com/view.php?ud=20200113000219,"Mon, 13 Jan 2020 11:15:00 +0800",tw_macro_en
2020-01-13,Taiwan stocks headed for record highs after Tsai Ing - wen win,,http://www.thestandard.com.hk/breaking-news.php?id=139951,"Mon, 13 Jan 2020 11:30:00 +0800",tw_macro_en
2020-01-13,"Bursa Asia menguat , disokong optimisme penandatanganan kesepakatan dagang AS - China",,https://investasi.kontan.co.id/news/bursa-asia-menguat-disokong-optimisme-penandatanganan-kesepakatan-dagang-as-china,"Mon, 13 Jan 2020 12:00:00 +0800",tw_macro_en
2020-01-13,Asian markets mixed as focus moves to China - US pact - The Observers,,http://www.rfi.fr/en/wires/20200113-asian-markets-mixed-focus-moves-china-us-pact,"Mon, 13 Jan 2020 12:15:00 +0800",tw_macro_en
2020-01-13,三大外資唱旺 台股將上演慶祝行情 ( 元富期貨林靜怡 大台手續費 小台手續費 選擇權手續費 全省開戶 ),,http://blog.cnyes.com/My/a55263312/Article2708134,"Mon, 13 Jan 2020 12:15:00 +0800",tw_macro_en
2020-01-13,Asian markets mixed as focus moves to China - US pact,,https://www.business-standard.com/article/pti-stories/asian-markets-mixed-as-focus-moves-to-china-us-pact-120011300090_1.html,"Mon, 13 Jan 2020 12:45:00 +0800",tw_macro_en
2020-01-13,No soul - searching for Xi Jinping after Taiwan rebuffs China in election,,https://www.japantimes.co.jp/?post_type=news&p=2422711,"Mon, 13 Jan 2020 12:45:00 +0800",tw_macro_en
2020-01-13,No soul searching for Xi Jinping after Taiwan rebuffs China in election,,https://www.theedgemarkets.com/article/no-soul-searching-xi-jinping-after-taiwan-rebuffs-china-election,"Mon, 13 Jan 2020 12:45:00 +0800",tw_macro_en
2020-01-13,Asia : Markets mixed as focus moves to China - US pact,,https://www.businesstimes.com.sg/stocks/asia-markets-mixed-as-focus-moves-to-china-us-pact,"Mon, 13 Jan 2020 13:45:00 +0800",tw_macro_en
2020-01-13,Asian Markets Mixed As Focus Moves To China - US Pact,,https://www.ibtimes.com/asian-markets-mixed-focus-moves-china-us-pact-2901111,"Mon, 13 Jan 2020 13:45:00 +0800",tw_macro_en
2020-01-13,Taiwan Stocks Rise After Tsai Election Victory Boosts Sentiment,,https://www.investing.com/news/stock-market-news/taiwan-stocks-rise-after-tsai-election-victory-boosts-sentiment-2057704,"Mon, 13 Jan 2020 14:00:00 +0800",tw_macro_en
2020-01-13,蔡總統勝選 亞系外資看旺台股4大利多攻12830點 | 證券,,https://www.cna.com.tw/news/afe/202001130065.aspx,"Mon, 13 Jan 2020 14:00:00 +0800",tw_macro_en
2020-01-13,No soul - searching for Xi Jinping after Taiwan rebuffs China in election,,https://www.japantimes.co.jp/news/2020/01/13/asia-pacific/xi-jinping-china-taiwan-election/,"Mon, 13 Jan 2020 15:00:00 +0800",tw_macro_en
2020-01-13,辣台妹概念股助攻 台股穩站萬二 封關上看12400 | 財經 | 三立新聞網 SETN . COM,,https://www.setn.com/News.aspx?NewsID=671535,"Mon, 13 Jan 2020 15:00:00 +0800",tw_macro_en
2020-01-13,No soul - searching for Xi after Taiwan poll rebuff,,https://www.afr.com/world/asia/no-soul-searching-for-xi-after-taiwan-s-poll-rebuff-20200113-p53r4o,"Mon, 13 Jan 2020 15:15:00 +0800",tw_macro_en
2020-01-13,"台股謝票行情 終場大漲88 . 77點收12 , 113 | 市場焦點 | 證券",,https://money.udn.com/money/story/5607/4284816,"Mon, 13 Jan 2020 15:15:00 +0800",tw_macro_en
2020-01-13,"蔡總統勝選 外資看旺台股4大利多攻12 , 830",,https://ctee.com.tw/news/stock/205902.html,"Mon, 13 Jan 2020 15:15:00 +0800",tw_macro_en
2020-01-13,Asian markets mostly up as focus moves to China - US pact,,https://sg.news.yahoo.com/asian-markets-mixed-focus-moves-china-us-pact-025716937--finance.html,"Mon, 13 Jan 2020 15:45:00 +0800",tw_macro_en
2020-01-13,Hong Kong Boosted By Triple - Short Covering Moment,,https://www.bnnbloomberg.ca/hong-kong-boosted-by-triple-short-covering-moment-1.1372838,"Mon, 13 Jan 2020 15:45:00 +0800",tw_macro_en
2020-01-13,"台股謝票行情 終場大漲88 . 77點收12 , 113 | 股市要聞 | 股市",,https://udn.com/news/story/7251/4284816,"Mon, 13 Jan 2020 15:45:00 +0800",tw_macro_en
2020-01-13,Asian Markets Mostly Up As Focus Moves To China - US Pact,,https://www.ibtimes.com/asian-markets-mostly-focus-moves-china-us-pact-2901111,"Mon, 13 Jan 2020 16:00:00 +0800",tw_macro_en
2020-01-13,Asian markets mixed as focus moves to China - US pact,,https://www.ibtimes.co.uk/asian-markets-mixed-focus-moves-china-us-pact-1674433,"Mon, 13 Jan 2020 16:00:00 +0800",tw_macro_en
2020-01-13,Hong Kong Boosted By Triple - Short Covering Moment,,https://finance.yahoo.com/news/hong-kong-boosted-triple-short-040724300.html,"Mon, 13 Jan 2020 16:00:00 +0800",tw_macro_en
2020-01-13,【 财经下午茶 】 苹果降三成 ！ 旺季到 ， 水果价格不涨反降 ？,,https://finance.sina.com.cn/roll/2020-01-13/doc-iihnzhha2180882.shtml,"Mon, 13 Jan 2020 16:45:00 +0800",tw_macro_en
2020-01-13,Asian markets mostly up as focus moves to China - US pact | Money,,https://www.malaymail.com/news/money/2020/01/13/asian-markets-mostly-up-as-focus-moves-to-china-us-pact/1827539,"Mon, 13 Jan 2020 17:30:00 +0800",tw_macro_en
2020-01-13,"Bolsas asiáticas fecham em alta , na expectativa para acordo comercial EUA - China",,"https://www.terra.com.br/economia/bolsas-asiaticas-fecham-em-alta-na-expectativa-para-acordo-comercial-eua-china,d60735e9a9c2781682e8dfabb227ffa6sousl4pb.html","Mon, 13 Jan 2020 17:45:00 +0800",tw_macro_en
2020-01-13,【 财经下午茶 】 苹果降三成 ！ 旺季到 ， 水果价格不涨反降 ？,,https://finance.sina.com.cn/stock/relnews/hk/2020-01-13/doc-iihnzhha2193506.shtml,"Mon, 13 Jan 2020 17:45:00 +0800",tw_macro_en
2020-01-13,"IHSG Naik 21 , 63 Poin , Bursa Asia Melonjak Jelang Kesepakatan ...",,https://ekbis.sindonews.com/read/1495516/178/ihsg-naik-2163-poin-bursa-asia-melonjak-jelang-kesepakatan-as-china-1578907948,"Mon, 13 Jan 2020 18:00:00 +0800",tw_macro_en
2020-01-13,Asian markets mostly up as focus moves to China - US pact,,https://www.timesnownews.com/business-economy/markets/article/asian-markets-mostly-up-as-focus-moves-to-china-us-pact/539405,"Mon, 13 Jan 2020 18:15:00 +0800",tw_macro_en
2020-01-13,〈 期交所展望 〉 2項期貨新兵6月報到 動態價格穩定措施擴大適用 | Anue鉅亨,,https://news.cnyes.com/news/id/4433580,"Mon, 13 Jan 2020 18:15:00 +0800",tw_macro_en
2020-01-13,日盛盤後｜台股指數站穩月線 中小型股吸晴,,https://ctee.com.tw/viewpoints/205928.html,"Mon, 13 Jan 2020 18:30:00 +0800",tw_macro_en
2020-01-13,Índice de blue - chips da China fecha na máxima em quase 2 anos,,https://economia.uol.com.br/noticias/reuters/2020/01/13/indice-de-blue-chips-da-china-fecha-na-maxima-em-quase-2-anos.htm,"Mon, 13 Jan 2020 19:00:00 +0800",tw_macro_en
2020-01-13,Banks weigh on KLCI as ringgit rallies,,https://www.thestar.com.my/business/business-news/2020/01/13/banks-weigh-on-klci-as-ringgit-rallies,"Mon, 13 Jan 2020 19:15:00 +0800",tw_macro_en
2020-01-13,Índice de blue - chips da China fecha na máxima em quase 2 anos,,https://br.reuters.com/article/businessNews/idBRKBN1ZC0WJ-OBRBS,"Mon, 13 Jan 2020 19:30:00 +0800",tw_macro_en
2020-01-13,Índice de blue - chips da China fecha na máxima em quase 2 anos,,https://extra.globo.com/noticias/economia/indice-de-blue-chips-da-china-fecha-na-maxima-em-quase-2-anos-24186514.html,"Mon, 13 Jan 2020 19:30:00 +0800",tw_macro_en
2020-01-13,Bolsas da China fecham em alta com foco em assinatura de acordo EUA - China,,https://g1.globo.com/economia/noticia/2020/01/13/bolsas-da-china-fecham-em-alta.ghtml,"Mon, 13 Jan 2020 19:45:00 +0800",tw_macro_en
2020-01-13,Baystreet . ca - Mainland Stocks Jump as Phase - One Deal Nears,,http://www.baystreet.ca/articles/ForeignMarketWrap.aspx?articleid=53751,"Mon, 13 Jan 2020 20:00:00 +0800",tw_macro_en
2020-01-13,Singapore shares dip 0 . 2 % ahead of US - China  Phase One  deal signing,,https://www.businesstimes.com.sg/stocks/singapore-shares-dip-02-ahead-of-us-china-phase-one-deal-signing,"Mon, 13 Jan 2020 20:00:00 +0800",tw_macro_en
2020-01-13,Dismal Data Undercuts Sterling and Boosts Chances of a Rate Cut,,https://www.fxstreet.com/analysis/dismal-data-undercuts-sterling-and-boosts-chances-of-a-rate-cut-202001131145,"Mon, 13 Jan 2020 20:15:00 +0800",tw_macro_en
2020-01-13,"Bolsas asiáticas fecham em alta , na expectativa para acordo comercial EUA - China",,https://www.istoedinheiro.com.br/bolsas-asiaticas-fecham-em-alta-na-expectativa-para-acordo-comercial-eua-china/,"Mon, 13 Jan 2020 21:00:00 +0800",tw_macro_en
2020-01-13,Dismal Data Undercuts Sterling And Boosts Chances Of A Rate Cut,,https://seekingalpha.com/article/4316446-dismal-data-undercuts-sterling-and-boosts-chances-of-rate-cut,"Mon, 13 Jan 2020 21:15:00 +0800",tw_macro_en
2020-01-13,Taiwan shares end up on first day of trading after election,,https://focustaiwan.tw/business/202001130014,"Mon, 13 Jan 2020 21:45:00 +0800",tw_macro_en
2020-01-13,Cybersecurity Threats Call for a Global Response,,https://blogs.imf.org/2020/01/13/cybersecurity-threats-call-for-a-global-response/,"Mon, 13 Jan 2020 22:00:00 +0800",tw_macro_en
2020-01-13,Asian markets mostly up as focus moves to China - US pact,,https://www.thestar.com.my/news/regional/2020/01/13/asian-markets-mostly-up-as-focus-moves-to-china-us-pact,"Mon, 13 Jan 2020 22:30:00 +0800",tw_macro_en
2020-01-13,Bolsas asiáticas fecham em alta na expectativa para acordo comercial EUA - China,,https://www.jornaldocomercio.com/_conteudo/economia/2020/01/720510-bolsas-asiaticas-fecham-em-alta-na-expectativa-para-acordo-comercial-eua-china.html,"Mon, 13 Jan 2020 22:30:00 +0800",tw_macro_en
2020-01-13,Índice de blue - chips da China fecha na máxima em quase 2 anos,,"https://www.terra.com.br/economia/indice-de-blue-chips-da-china-fecha-na-maxima-em-quase-2-anos,de079f5150b9aadfe33f5abef4ca4dadukrz1et5.html","Mon, 13 Jan 2020 22:30:00 +0800",tw_macro_en
2020-01-13,Dismal united kingdom Data Undercuts Sterling And Boosts Chances Of A BoE Rate Cut,,https://www.investing.com/analysis/dismal-uk-data-undercuts-sterling-and-boosts-chances-of-a-boe-rate-cut-200498212,"Mon, 13 Jan 2020 23:45:00 +0800",tw_macro_en
2020-01-14,Asian markets mostly up as focus moves to Sino - US trade pact,,https://www.phnompenhpost.com/business/asian-markets-mostly-focus-moves-sino-us-trade-pact,"Tue, 14 Jan 2020 00:15:00 +0800",tw_macro_en
2020-01-14,Baystreet . ca - Mainland Stocks Jump as Phase - One Deal Nears,,http://baystreet.ca/articles/foreignmarketwrap/53751/Mainland-Stocks-Jump-as-Phase-One-Deal-Nears,"Tue, 14 Jan 2020 00:30:00 +0800",tw_macro_en
2020-01-14,Baystreet . ca - Mainland Stocks Jump as Phase - One Deal Nears,,http://baystreet.ca/foreignmarketwrap/3317/Mainland-Stocks-Jump-as-Phase-One-Deal-Nears,"Tue, 14 Jan 2020 00:30:00 +0800",tw_macro_en
2020-01-14,避险情绪大幅消退 亚太股市现反弹行情,,https://finance.sina.com.cn/roll/2020-01-14/doc-iihnzhha2258950.shtml,"Tue, 14 Jan 2020 00:30:00 +0800",tw_macro_en
2020-01-14,避险情绪大幅消退 亚太股市现反弹行情,,https://tech.sina.com.cn/roll/2020-01-14/doc-iihnzhha2258957.shtml,"Tue, 14 Jan 2020 00:30:00 +0800",tw_macro_en
2020-01-14,Futures Jump On  Trade Optimism  As Phase 1 Deal Signing Looms,,https://www.zerohedge.com/markets/futures-jump-trade-optimism-phase-1-deal-signing-looms,"Tue, 14 Jan 2020 00:45:00 +0800",tw_macro_en
2020-01-14,"As Tsai wins reelection , Japan brokerage sees Taiex hit 12 , 830 points",,https://focustaiwan.tw/business/202001130018,"Tue, 14 Jan 2020 01:30:00 +0800",tw_macro_en
2020-01-14,Stocks rise after Tsai election victory,,http://www.taipeitimes.com/News/biz/archives/2020/01/14/2003729183,"Tue, 14 Jan 2020 01:30:00 +0800",tw_macro_en
2020-01-14,Asian markets mostly up on China - US pact – The Manila Times,,https://www.manilatimes.net/2020/01/14/business/business-top/asian-markets-mostly-up-on-china-us-pact/674104/,"Tue, 14 Jan 2020 01:45:00 +0800",tw_macro_en
2020-01-14,期交所 夜盤比重近三成 - 工商時報,,https://ctee.com.tw/news/futures/206096.html,"Tue, 14 Jan 2020 03:30:00 +0800",tw_macro_en
2020-01-14,Hong Kong Boosted By Triple - Short Covering Moment,,https://ca.finance.yahoo.com/news/hong-kong-boosted-triple-short-040724300.html,"Tue, 14 Jan 2020 03:45:00 +0800",tw_macro_en
2020-01-14,Taiwan ETF Jumps After Tsai Landslide Presidential Election Win,,https://www.etftrends.com/thematic-investing-channel/taiwan-etf-jumps-after-tsais-landslide-presidential-election-win/,"Tue, 14 Jan 2020 04:45:00 +0800",tw_macro_en
2020-01-14,巴士的點評 「 芒果乾 」 將一語成讖,,http://hd.stheadline.com/news/columns/417/20200114/826998/%E5%B0%88%E6%AC%84-%E5%B7%B4%E5%A3%AB%E7%9A%84%E9%BB%9E%E8%A9%95-%E8%8A%92%E6%9E%9C%E4%B9%BE-%E5%B0%87%E4%B8%80%E8%AA%9E%E6%88%90%E8%AE%96,"Tue, 14 Jan 2020 05:45:00 +0800",tw_macro_en
2020-01-14,Region mostly positive ahead of trade deal inking,,https://www.straitstimes.com/business/companies-markets/region-mostly-positive-ahead-of-trade-deal-inking,"Tue, 14 Jan 2020 06:45:00 +0800",tw_macro_en
2020-01-14,Stocks rise after Tsai election victory,,https://www.eyeontaiwan.com/stocks-rise-after-tsais-election-victory,"Tue, 14 Jan 2020 07:00:00 +0800",tw_macro_en
2020-01-14,"Cybersecurity threats require global response , says IMF boss",,https://punchng.com/cybersecurity-threats-require-global-response-says-imf-boss/,"Tue, 14 Jan 2020 08:00:00 +0800",tw_macro_en
2020-01-14,日盛盤前｜美股四大指數全收漲 台股短線多方有利,,https://ctee.com.tw/viewpoints/206321.html,"Tue, 14 Jan 2020 09:15:00 +0800",tw_macro_en
2020-01-14,避险情绪渐消 亚太股市出现反弹行情,,https://finance.sina.com.cn/roll/2020-01-14/doc-iihnzhha2298966.shtml,"Tue, 14 Jan 2020 09:30:00 +0800",tw_macro_en
2020-01-14,Bursa Asia menguat sehari menjelang penandatanganan kesepakatan AS - China,,https://investasi.kontan.co.id/news/bursa-asia-menguat-sehari-menjelang-penandatanganan-kesepakatan-as-china,"Tue, 14 Jan 2020 11:15:00 +0800",tw_macro_en
2020-01-14,中美若如期15日簽訂 台股後市樂觀看待 - 財經,,https://www.chinatimes.com/realtimenews/20200114001741-260410,"Tue, 14 Jan 2020 11:30:00 +0800",tw_macro_en
2020-01-14,〈 台股盤中 〉 台積電帶頭一度逼近前高 台塑四寶跛腳指數高檔震盪 | Anue鉅亨,,https://news.cnyes.com/news/id/4433886,"Tue, 14 Jan 2020 12:30:00 +0800",tw_macro_en
2020-01-14,"Losses in Tenaga hold back KLCI , key Asian markets mixed",,https://www.thestar.com.my/business/business-news/2020/01/14/losses-in-tenaga-hold-back-klci-key-asian-markets-mixed,"Tue, 14 Jan 2020 13:45:00 +0800",tw_macro_en
2020-01-14,Korean stocks underperform against Taiwan,,http://www.koreatimes.co.kr/www/biz/2020/01/488_281823.html,"Tue, 14 Jan 2020 15:00:00 +0800",tw_macro_en
2020-01-14,"TSMC , Samsung & Why Asia Chipmaker Profits Are Key",,https://www.bnnbloomberg.ca/tsmc-samsung-why-asia-chipmaker-profits-are-key-1.1373420,"Tue, 14 Jan 2020 15:00:00 +0800",tw_macro_en
2020-01-14,"TSMC , Samsung & Why Asia Chipmaker Profits Are Key",,https://finance.yahoo.com/news/tsmc-samsung-why-asia-chipmaker-060041135.html,"Tue, 14 Jan 2020 15:15:00 +0800",tw_macro_en
2020-01-14,"TSMC , Samsung & Why Asia Chipmaker Profits Are Key",,https://finance.yahoo.com/news/tsmc-samsung-why-asia-chipmaker-060041133.html,"Tue, 14 Jan 2020 15:30:00 +0800",tw_macro_en
2020-01-14,收评 ： 沪指冲高回落跌0 . 28 % 锂电池概念表现活跃,,https://money.163.com/20/0114/15/F2S27BPC00258152.html,"Tue, 14 Jan 2020 15:30:00 +0800",tw_macro_en
2020-01-14,金管會報喜 金融業2019年獲利創新高 - 財經,,https://www.chinatimes.com/realtimenews/20200114002958-260410,"Tue, 14 Jan 2020 16:15:00 +0800",tw_macro_en
2020-01-14,金管會報喜 金融業2019年獲利創新高,,https://ctee.com.tw/news/finance/206572.html,"Tue, 14 Jan 2020 17:30:00 +0800",tw_macro_en
2020-01-14,"Bolsas asiáticas fecham sem direo única , à espera de acordo comercial EUA - China",,https://istoe.com.br/bolsas-asiaticas-fecham-sem-direcao-unica-a-espera-de-acordo-comercial-eua-china/,"Tue, 14 Jan 2020 18:15:00 +0800",tw_macro_en
2020-01-14,"Bolsas asiáticas fecham sem direo única , à espera de acordo comercial EUA - China",,"https://www.terra.com.br/economia/bolsas-asiaticas-fecham-sem-direcao-unica-a-espera-de-acordo-comercial-eua-china,04e7da5b129ad0fe8d2c158fcfe82e8d6dzvxjkg.html","Tue, 14 Jan 2020 18:15:00 +0800",tw_macro_en
2020-01-14,"Bolsas asiáticas fecham sem direo única , à espera de acordo comercial EUA - China",,https://www.istoedinheiro.com.br/bolsas-asiaticas-fecham-sem-direcao-unica-a-espera-de-acordo-comercial-eua-china/,"Tue, 14 Jan 2020 19:00:00 +0800",tw_macro_en
2020-01-14,ndice de blue - chips da China recua de máxima de 2 anos com realizao de lucros,,https://economia.uol.com.br/noticias/reuters/2020/01/14/indice-de-blue-chips-da-china-recua-de-maxima-de-2-anos-com-realizacao-de-lucros.htm,"Tue, 14 Jan 2020 19:00:00 +0800",tw_macro_en
2020-01-14,投資人注意 ！ 富邦VIX跌至2元將終止交易,,https://ec.ltn.com.tw/article/breakingnews/3040369,"Tue, 14 Jan 2020 19:30:00 +0800",tw_macro_en
2020-01-14,ndice de blue - chips da China recua de máxima de 2 anos com realizao de lucros,,https://extra.globo.com/noticias/economia/indice-de-blue-chips-da-china-recua-de-maxima-de-2-anos-com-realizacao-de-lucros-24188419.html,"Tue, 14 Jan 2020 19:45:00 +0800",tw_macro_en
2020-01-14,Baystreet . ca - Asia Hikes Amid Trade Optimism,,http://www.baystreet.ca/articles/ForeignMarketWrap.aspx?articleid=53788,"Tue, 14 Jan 2020 20:00:00 +0800",tw_macro_en
2020-01-14,Bolsas da China fecham em queda com realizao de lucros antes de acordo comercial EUA - China,,https://g1.globo.com/economia/noticia/2020/01/14/bolsas-da-china-fecham-em-queda-com-realizacao-de-lucros-antes-de-acordo-comercial-eua-china.ghtml,"Tue, 14 Jan 2020 20:00:00 +0800",tw_macro_en
2020-01-14,Cybersecurity Threats Call for a Global Response,,http://www.ipsnews.net/2020/01/cybersecurity-threats-call-global-response/,"Tue, 14 Jan 2020 20:15:00 +0800",tw_macro_en
2020-01-14,ndice de blue - chips da China recua de máxima de 2 anos com realizao de lucros,,"https://www.terra.com.br/economia/indice-de-blue-chips-da-china-recua-de-maxima-de-2-anos-com-realizacao-de-lucros,f6b68afd067d1ae0b0fdda351c4c673dfofdutgy.html","Tue, 14 Jan 2020 20:15:00 +0800",tw_macro_en
2020-01-14,"TSMC shares extend gains , pushing market cap to record high",,https://focustaiwan.tw/business/202001140010,"Tue, 14 Jan 2020 20:45:00 +0800",tw_macro_en
2020-01-14,Taiwan shares end higher amid optimism toward global trade,,https://focustaiwan.tw/business/202001140014,"Tue, 14 Jan 2020 20:45:00 +0800",tw_macro_en
2020-01-14,Baystreet . ca - Asia Hikes Amid Trade Optimism,,http://baystreet.ca/articles/foreignmarketwrap/53788/011420,"Tue, 14 Jan 2020 21:15:00 +0800",tw_macro_en
2020-01-14,Baystreet . ca - Asia Hikes Amid Trade Optimism,,http://baystreet.ca/articles/foreignmarketwrap/53788/Asia-Hikes-Amid-Trade-Optimism,"Tue, 14 Jan 2020 21:15:00 +0800",tw_macro_en
2020-01-14,Baystreet . ca - Asia Hikes Amid Trade Optimism,,http://baystreet.ca/foreignmarketwrap/3318/Asia-Hikes-Amid-Trade-Optimism,"Tue, 14 Jan 2020 21:15:00 +0800",tw_macro_en
2020-01-14,Bolsas asiáticas fecham sem direo única à espera de acordo comercial EUA - China,,https://www.jornaldocomercio.com/_conteudo/economia/2020/01/720720-bolsas-asiaticas-fecham-sem-direcao-unica-a-espera-de-acordo-comercial-eua-china.html,"Tue, 14 Jan 2020 21:30:00 +0800",tw_macro_en
2020-01-14,Asian stock markets mixed,,https://www.nationthailand.com/news/30380556,"Tue, 14 Jan 2020 21:45:00 +0800",tw_macro_en
2020-01-14,David Lipton | IPS Inter Press Service | News Agency | Journalism & Communication for Global Change,,http://www.ipsnews.net/author/david-lipton/,"Tue, 14 Jan 2020 22:45:00 +0800",tw_macro_en
2020-01-15,去年首破6千億 金融業獲利創新高 - 工商時報,,https://ctee.com.tw/news/finance/206840.html,"Wed, 15 Jan 2020 01:45:00 +0800",tw_macro_en
2020-01-15,TSMC shares hit record high ahead of conference,,http://www.taipeitimes.com/News/biz/archives/2020/01/15/2003729238,"Wed, 15 Jan 2020 02:00:00 +0800",tw_macro_en
2020-01-15,Taiwan Business Quick Take - Taipei Times,,http://www.taipeitimes.com/News/biz/archives/2020/01/15/2003729241,"Wed, 15 Jan 2020 02:00:00 +0800",tw_macro_en
2020-01-15,Algunas conclusiones luego de la Operación Taiex,,https://urgente24.com/analisis/opinion/algunas-conclusiones-luego-de-la-operacion-taiex,"Wed, 15 Jan 2020 05:15:00 +0800",tw_macro_en
2020-01-15,Baystreet . ca - Asia Hikes Amid Trade Optimism,,https://www.baystreet.ca/foreignmarketwrap/3318/Asia-Hikes-Amid-Trade-Optimism,"Wed, 15 Jan 2020 08:00:00 +0800",tw_macro_en
